Date,Close/Last,Volume,Open,High,Low,Close,daily_return,MA_20,MA_50
05/01/2019,26.05,24021,26.08,26.3,26.05,26.05,,26.05,26.05
07/01/2019,26.445,4968,26.61,26.63,26.3945,26.445,0.015163147792706333,26.247500000000002,26.247500000000002
08/01/2019,25.52,14691,25.9899,26.03,25.451,25.52,-0.034978256759311765,26.005,26.005
10/01/2019,25.5406,1652,25.85,25.85,25.54,25.5406,0.0008072100313480934,25.8889,25.8889
11/01/2019,26.2051,3054,26.09,26.2835,26.09,26.2051,0.026017399747852554,25.952140000000004,25.952140000000004
05/02/2019,25.9843,13419,26.08,26.17,25.9034,25.9843,-0.00842584077145292,25.9575,25.9575
07/02/2019,26.2624,5735,25.95,26.2624,25.95,26.2624,0.010702616580011703,26.001057142857146,26.001057142857146
08/02/2019,25.356,7202,25.4,25.5,25.0849,25.356,-0.03451322042159122,25.920425,25.920425
10/02/2019,25.23,3010,25.32,25.32,25.0547,25.23,-0.004969238050165692,25.843711111111112,25.843711111111112
12/02/2019,24.5,5268,24.59,24.6,24.5,24.5,-0.028933808957590235,25.709340000000005,25.709340000000005
05/03/2019,26.71,17584,26.07,26.7799,26.07,26.71,0.09020408163265303,25.800309090909092,25.800309090909092
06/03/2019,25.27,5635,25.24,25.5,25.24,25.27,-0.05391239236241108,25.756116666666667,25.756116666666667
07/03/2019,26.27,2870,26.34,26.36,26.14,26.27,0.03957261574990101,25.795646153846157,25.795646153846157
09/03/2019,24.6888,3016,24.6,24.6888,24.5708,24.6888,-0.060190331176246614,25.716585714285713,25.716585714285713
10/03/2019,25.285,3138,25.15,25.309,25.03,25.285,0.024148601795145996,25.687813333333334,25.687813333333334
12/03/2019,24.4725,4107,24.31,24.4725,24.26,24.4725,-0.03213367609254503,25.61185625,25.61185625
06/04/2019,25.6448,3282,25.61,25.722,25.5411,25.6448,0.04790274798242922,25.61379411764706,25.61379411764706
09/04/2019,24.9452,2201,24.87,24.96,24.8342,24.9452,-0.027280384327426965,25.57665,25.57665
10/04/2019,25.4035,1689,25.151,25.4035,25.151,25.4035,0.018372272020268587,25.567536842105266,25.567536842105266
11/04/2019,26.3686,3941,26.35,26.44,26.2305,26.3686,0.037990828035506796,25.60759,25.60759
12/04/2019,24.5066,1681,24.7002,24.7002,24.5066,24.5066,-0.07061429124033891,25.53042,25.555161904761906
15/04/2019,25.3268,3574,25.54,25.54,25.32,25.3268,0.03346853500689617,25.474510000000002,25.544781818181818
16/04/2019,25.4499,658,25.43,25.45,25.4041,25.4499,0.004860464014403654,25.471005,25.54065652173913
17/04/2019,25.5913,2300,25.62,25.63,25.5913,25.5913,0.005556013972550122,25.47354,25.542766666666665
18/04/2019,25.7,2584,25.72,25.78,25.63,25.7,0.004247537248986966,25.448285000000002,25.549056
22/04/2019,25.75,67258,26.2,26.4261,25.7,25.75,0.0019455252918287869,25.43657,25.556784615384615
23/04/2019,25.96,35942,25.68,26.0176,25.68,25.96,0.008155339805825168,25.42145,25.57171851851852
24/04/2019,25.79,23959,26.0,26.0,25.6,25.79,-0.006548536209553202,25.44315,25.579514285714286
25/04/2019,25.67,34842,25.7,25.84,25.45,25.67,-0.004652966265994429,25.46515,25.58263448275862
26/04/2019,26.0043,4079,25.81,26.0043,25.76,26.0043,0.013022984028048246,25.540365,25.596690000000002
29/04/2019,26.1035,22655,26.01,26.22,26.01,26.1035,0.003814753713808905,25.51004,25.61303870967742
30/04/2019,26.0985,38377,26.16,26.16,25.91,26.0985,-0.00019154519508879364,25.551465,25.628209375
06/05/2019,25.6132,1591,25.66,25.66,25.55,25.6132,-0.0185949384064219,25.518625,25.627754545454547
07/05/2019,26.591,8187,26.21,26.63,26.1174,26.591,0.03817562819171383,25.613735000000002,25.65608529411765
08/05/2019,24.83,9990,25.06,25.12,24.6511,24.83,-0.06622541461396725,25.590985,25.632482857142858
09/05/2019,25.1742,4501,25.14,25.18,24.97,25.1742,0.013862263391059226,25.62607,25.619752777777776
11/05/2019,26.5544,2818,26.37,26.6185,26.37,26.5544,0.054825972622764674,25.671550000000003,25.645013513513515
12/05/2019,24.5,4099,24.61,24.61,24.5,24.5,-0.07736570963757428,25.64929,25.61488157894737
13/05/2019,26.3729,12588,26.43,26.59,26.1347,26.3729,0.07644489795918363,25.69776,25.634317948717946
14/05/2019,26.8159,6203,26.46,26.94,26.46,26.8159,0.01679754596574501,25.720124999999996,25.6638575
15/05/2019,26.4528,5880,26.54,26.67,26.4488,26.4528,-0.013540474121696455,25.817435,25.6831
16/05/2019,26.3919,7940,26.48,26.74,26.36,26.3919,-0.002302213754309612,25.870690000000003,25.699976190476193
17/05/2019,26.1025,5167,26.51,26.51,26.0912,26.1025,-0.010965485622482674,25.90332,25.709337209302326
20/05/2019,26.01,6056,26.03,26.15,25.9,26.01,-0.003543721865721605,25.924255,25.716170454545455
21/05/2019,26.1662,2520,26.03,26.21,26.03,26.1662,0.006005382545174909,25.947564999999997,25.72617111111111
22/05/2019,26.0705,1356,26.19,26.19,26.0705,26.0705,-0.0036573900681031724,25.96359,25.73365652173913
23/05/2019,26.0678,4635,25.91,26.08,25.66,26.0678,-0.00010356533246391741,25.96898,25.740765957446808
24/05/2019,26.0086,1989,26.3453,26.3453,26.007,26.0086,-0.0022710010050712715,25.97991,25.746345833333333
28/05/2019,25.9273,19172,26.22,26.22,25.89,25.9273,-0.0031258891289804858,25.992775,25.750038775510205
29/05/2019,25.7828,11986,25.86,25.86,25.7,25.7828,-0.005573276044940956,25.9817,25.750694
30/05/2019,25.5851,4078,25.7564,25.77,25.5188,25.5851,-0.007667902632762957,25.955779999999997,25.741395999999998
31/05/2019,25.3358,9835,25.5,25.5,25.32,25.3358,-0.009743952534873923,25.917645,25.719212000000002
05/06/2019,26.8,27761,26.37,26.82,26.3115,26.8,0.0577917413304494,25.976984999999996,25.744811999999996
06/06/2019,25.4988,2041,25.61,25.61,25.45,25.4988,-0.04855223880597015,25.922375,25.743976000000004
08/06/2019,24.9271,4251,24.78,24.9844,24.6626,24.9271,-0.022420662933157587,25.927229999999998,25.718415999999998
09/06/2019,25.39,2351,25.25,25.48,25.25,25.39,0.018570150559030107,25.93802,25.706529999999997
11/06/2019,26.29,1674,26.45,26.45,26.29,26.29,0.03544702638834174,25.924799999999998,25.707082
12/06/2019,24.6605,3734,24.51,24.68,24.51,24.6605,-0.06198174210726515,25.932825,25.693172
13/06/2019,26.09,11862,25.94,26.1,25.8904,26.09,0.057967194501328034,25.918680000000002,25.710372000000003
14/06/2019,26.0843,3314,26.22,26.22,26.0065,26.0843,-0.0002184745113070763,25.882099999999998,25.742058
17/06/2019,26.22,2553,26.23,26.23,26.1857,26.22,0.005202363107309704,25.870459999999998,25.732258
18/06/2019,26.46,4356,26.37,26.4731,26.28,26.46,0.009153318077803174,25.873865000000002,25.756058
19/06/2019,26.64,39305,26.75,26.75,26.51,26.64,0.006802721088435382,25.900740000000003,25.763458
20/06/2019,26.71,24529,26.93,26.995,26.566,26.71,0.0026276276276275823,25.93574,25.803881999999998
21/06/2019,26.6,14091,26.6,26.65,26.51,26.6,-0.0041183077499064025,25.95743,25.830182
24/06/2019,26.4,13023,26.56,26.58,26.4,26.4,-0.007518796992481258,25.973905000000002,25.868732
25/06/2019,26.165,10361,26.38,26.4199,26.13,26.165,-0.00890151515151516,25.978765,25.879136
26/06/2019,25.8941,10670,26.15,26.15,25.8941,25.8941,-0.01035352570227388,25.973039999999997,25.898114
27/06/2019,26.03,4042,25.93,26.03,25.8,26.03,0.0052482998057472585,25.978175,25.910643999999998
28/06/2019,26.383,3744,26.14,26.383,26.14,26.383,0.013561275451402066,26.008185000000005,25.910932
05/07/2019,26.28,14484,26.51,26.56,26.2001,26.28,-0.003904029109653817,26.042930000000002,25.946399999999997
06/07/2019,25.81,4626,25.61,25.84,25.55,25.81,-0.017884322678843323,26.06664,25.956063999999998
08/07/2019,25.124,4638,24.8,25.1561,24.5619,25.124,-0.026578845408756324,25.98284,25.949546
10/07/2019,25.4268,2832,25.26,25.4268,25.26,25.4268,0.012052220983919781,25.979239999999997,25.946256
11/07/2019,26.5192,16463,26.49,26.66,26.49,26.5192,0.04296254345808359,26.058844999999998,25.96264
15/07/2019,26.61,5513,26.8,26.94,26.5403,26.61,0.003423934356994174,26.119844999999998,25.97984
16/07/2019,26.575,6347,26.59,26.609,26.5423,26.575,-0.001315295001878991,26.134095000000002,25.99214
17/07/2019,26.4207,19647,26.58,26.58,26.41,26.4207,-0.005806208842897398,26.222105,26.004754
18/07/2019,26.41,54510,26.43,26.535,26.27,26.41,-0.00040498548486600505,26.238105,26.019554
19/07/2019,26.2761,19506,26.39,26.46,26.25,26.2761,-0.00507004922377885,26.247695,26.024990000000003
22/07/2019,26.3431,20697,26.36,26.436,26.285,26.3431,0.002549845677250362,26.25385,26.029782
23/07/2019,26.5195,15383,26.5,26.7,26.3163,26.5195,0.006696250631095024,26.256825,26.038202000000002
24/07/2019,26.7469,16261,26.51,26.79,26.5,26.7469,0.008574822300571272,26.262169999999998,26.060876000000004
25/07/2019,26.5261,7731,26.78,26.78,26.5261,26.5261,-0.008255162280488615,26.252975000000003,26.059578000000002
26/07/2019,26.7952,5008,26.64,26.8126,26.64,26.7952,0.010144725383678832,26.262735,26.098882
29/07/2019,26.9432,11525,26.84,26.96,26.7699,26.9432,0.005523377321311251,26.289895,26.134262000000003
30/07/2019,26.64,4076,26.76,26.7629,26.6,26.64,-0.011253303245345792,26.313645,26.135973999999997
31/07/2019,25.9875,12717,26.71,26.71,25.9152,25.9875,-0.0244932432432432,26.318315000000002,26.165724
05/08/2019,26.59,5142,26.36,26.65,26.36,26.59,0.023184223184223196,26.346314999999997,26.170066000000002
07/08/2019,26.5228,2777,26.56,26.62,26.5228,26.5228,-0.0025272658894320843,26.353305,26.164203999999998
08/08/2019,25.38,4743,25.24,25.4326,25.24,25.38,-0.043087456829595694,26.308305,26.142748
10/08/2019,25.126,1428,25.25,25.25,25.0701,25.126,-0.010007880220646137,26.274105,26.11743
11/08/2019,26.6771,17142,26.47,26.8246,26.47,26.6771,0.06173286635357789,26.351760000000002,26.128922
13/08/2019,25.0994,3216,25.01,25.16,25.0,25.0994,-0.05914061123585401,26.33539,26.110709999999997
14/08/2019,24.328,4109,24.75,24.75,24.328,24.328,-0.030733802401651023,26.225830000000002,26.073946
15/08/2019,24.1222,7585,24.25,24.33,24.08,24.1222,-0.008459388359092435,26.101439999999997,26.03498
16/08/2019,24.392,2947,24.3,24.48,24.3,24.392,0.011184717811808298,25.992289999999997,26.001464000000002
19/08/2019,24.6704,2774,24.67,24.7455,24.67,24.6704,0.011413578222368104,25.904775,25.974700000000002
20/08/2019,24.646,3034,24.5701,24.6524,24.5606,24.646,-0.0009890394967247973,25.816575,25.949074
21/08/2019,24.75,5617,24.84,24.84,24.6992,24.75,0.004219751683843143,25.740270000000002,25.928418
22/08/2019,24.84,5116,24.83,24.9105,24.83,24.84,0.0036363636363636598,25.665114999999997,25.913516
23/08/2019,24.5,4994,24.79,24.9571,24.5,24.5,-0.013687600644122333,25.56414,25.8968
26/08/2019,24.5672,8292,24.61,24.61,24.44,24.5672,0.002742857142857158,25.455154999999998,25.852144000000003
27/08/2019,24.3447,1341,24.54,24.54,24.3447,24.3447,-0.009056791168712719,25.346085,25.829062
28/08/2019,24.4263,3469,24.08,24.4642,24.08,24.4263,0.003351858926172957,25.22764,25.819046000000004
29/08/2019,24.87,3996,24.76,24.88,24.76,24.87,0.018164846906817633,25.12398,25.808646
30/08/2019,24.8931,4987,25.04,25.04,24.889,24.8931,0.0009288299155609803,25.036635,25.780708
05/09/2019,26.6001,7640,26.48,26.6001,26.2895,26.6001,0.06857321908480674,25.067265,25.8195
07/09/2019,26.45,4458,26.44,26.45,26.3873,26.45,-0.00564283592918835,25.060265,25.826700000000002
08/09/2019,25.22,3266,25.42,25.42,25.142,25.22,-0.04650283553875234,24.995125,25.809413999999997
09/09/2019,25.379,2027,25.46,25.46,25.32,25.379,0.006304520222046195,24.995075,25.792593999999998
10/09/2019,25.2187,854,25.24,25.25,25.1608,25.2187,-0.006316245714961255,24.99971,25.767768
12/09/2019,24.5999,2215,24.5,24.6699,24.5,24.5999,-0.02453734728594248,24.89585,25.726966
13/09/2019,26.78,3769,26.9141,26.9599,26.78,26.78,0.08862231147281086,24.97988,25.728366
16/09/2019,26.86,5413,26.57,26.86,26.54,26.86,0.0029873039581775895,25.106479999999998,25.733566
17/09/2019,26.6198,4375,26.8,26.8,26.4548,26.6198,-0.00894266567386437,25.231360000000002,25.737961999999996
18/09/2019,26.4514,5471,26.55,26.5771,26.2632,26.4514,-0.006326118152653382,25.33433,25.74369
19/09/2019,26.4801,1432,26.6308,26.64,26.4801,26.4801,0.001085008732997217,25.424815000000002,25.75541
20/09/2019,26.2205,677,26.49,26.49,26.2203,26.2205,-0.009803588355028814,25.50354,25.75922
23/09/2019,26.26,3109,26.17,26.3576,26.12,26.26,0.0015064548730954197,25.57904,25.75676
24/09/2019,25.935,5622,26.37,26.37,25.935,25.935,-0.012376237623762498,25.633789999999998,25.749859999999998
25/09/2019,26.22,6555,25.99,26.22,25.96,26.22,0.01098901098901095,25.71979,25.75806
26/09/2019,26.17,874,26.2641,26.2641,26.1141,26.17,-0.0019069412662089391,25.79993,25.77898
27/09/2019,25.8852,2682,26.17,26.17,25.8852,25.8852,-0.010882690103171555,25.876955000000002,25.788147999999996
30/09/2019,25.85,1106,25.96,25.9739,25.85,25.85,-0.0013598504164541447,25.948140000000002,25.774764
05/10/2019,26.81,4470,26.53,26.81,26.4,26.81,0.03713733075435188,26.045139999999996,25.778764000000002
06/10/2019,25.857,4605,25.9,26.03,25.81,25.857,-0.03554643789630729,26.093335000000003,25.764404
07/10/2019,26.65,7828,26.7,26.7,26.4927,26.65,0.030668677727501148,26.09583,25.768990000000002
09/10/2019,25.8091,2136,25.34,25.8091,25.34,25.8091,-0.03155347091932448,26.063785000000003,25.756972
10/10/2019,25.2254,1782,25.17,25.25,25.17,25.2254,-0.02261605402745548,26.064055000000003,25.735958
12/10/2019,24.3778,21355,24.59,24.6667,24.331,24.3778,-0.03360105290699056,26.013995,25.696652
14/10/2019,25.4837,942,25.49,25.51,25.4426,25.4837,0.045365045246084534,26.027245,25.675936
15/10/2019,25.8198,3549,25.7187,25.84,25.7155,25.8198,0.01318882265919008,26.088240000000003,25.657394
16/10/2019,25.95,4569,25.71,26.0095,25.71,25.95,0.005042641693584038,26.04674,25.645872
17/10/2019,26.05,3223,26.09,26.1108,26.05,26.05,0.003853564547206201,26.00624,25.630968000000003
18/10/2019,25.92,5950,26.0,26.06,25.8476,25.92,-0.00499040307101728,25.971249999999998,25.610504000000002
21/10/2019,25.99,504,26.09,26.09,25.99,25.99,0.002700617283950546,25.94818,25.597504000000004
22/10/2019,26.1,1247,26.0,26.13,26.0,26.1,0.0042323970757984775,25.929174999999997,25.599753999999997
23/10/2019,26.0914,1351,26.05,26.17,26.05,26.0914,-0.0003295019157089074,25.922719999999998,25.589782
24/10/2019,25.86,658,25.8463,25.86,25.82,25.86,-0.008868822677204014,25.90272,25.576525999999998
25/10/2019,25.97,953,25.86,26.03,25.86,25.97,0.004253673627223398,25.904469999999996,25.588326
28/10/2019,26.225,11473,26.0,26.2318,26.0,26.225,0.009819021948402007,25.904720000000005,25.610306
29/10/2019,26.33,2820,26.29,26.339,26.2612,26.33,0.0040038131553858936,25.91272,25.603364000000003
30/10/2019,26.1082,6417,26.2753,26.2753,25.9781,26.1082,-0.008423851120394898,25.92387,25.62354
31/10/2019,25.9759,5163,26.01,26.08,25.81,25.9759,-0.005067373468871872,25.930165,25.656498000000003
04/11/2019,25.1582,3714,25.06,25.17,25.06,25.1582,-0.03147917877725115,25.847575,25.677217999999996
06/11/2019,25.8207,2793,26.02,26.02,25.76,25.8207,0.026333362482212408,25.845760000000002,25.705791999999995
07/11/2019,26.63,6337,26.73,26.8691,26.5554,26.63,0.03134306970763778,25.844759999999997,25.744984
09/11/2019,26.4661,7596,25.91,26.5,25.91,26.4661,-0.006154712730003675,25.877609999999997,25.781386
10/11/2019,25.55,5434,25.45,25.649,25.45,25.55,-0.03461409123369141,25.89384,25.797386000000003
11/11/2019,26.76,30512,26.78,26.8799,26.72,26.76,0.047358121330724146,26.01295,25.835786000000002
12/11/2019,24.4984,3217,24.54,24.54,24.44,24.4984,-0.08451420029895373,25.963685000000005,25.835754
13/11/2019,25.75,23740,26.49,26.49,25.75,25.75,0.05108905071351599,25.960195,25.859409999999997
14/11/2019,25.55,6625,25.73,25.76,25.51,25.55,-0.007766990291262155,25.940195,25.883516
15/11/2019,25.79,9379,25.59,25.86,25.59,25.79,0.009393346379647616,25.927195,25.91079
18/11/2019,25.32,44887,25.72,25.81,25.32,25.32,-0.01822411787514533,25.897195,25.919790000000003
19/11/2019,24.8905,12270,25.24,25.248,24.87,24.8905,-0.016962875197472416,25.842220000000005,25.919738000000002
20/11/2019,24.95,7914,24.89,25.0011,24.89,24.95,0.002390470259737709,25.78472,25.886736
21/11/2019,24.82,4231,24.91,24.91,24.785,24.82,-0.0052104208416833275,25.72115,25.854135999999997
22/11/2019,24.8946,8326,24.84,24.94,24.82,24.8946,0.003005640612409266,25.67288,25.847628000000004
25/11/2019,24.68,11900,24.95,25.0545,24.68,24.68,-0.00862034336763795,25.60838,25.833647999999997
26/11/2019,24.6963,3866,24.66,24.73,24.6501,24.6963,0.0006604538087520151,25.531945,25.8232
27/11/2019,24.62,4485,24.67,24.97,24.62,24.62,-0.003089531630244169,25.446445,25.823601999999998
29/11/2019,24.5552,2228,24.49,24.5568,24.49,24.5552,-0.0026320064987815917,25.368795,25.779106
04/12/2019,25.49,608,25.4399,25.49,25.4399,25.49,0.03806932951065356,25.3445,25.751706
06/12/2019,25.8852,1083,25.82,25.8852,25.75,25.8852,0.015504119262455873,25.38085,25.737014000000002
07/12/2019,26.735,2688,26.7,26.7494,26.63,26.735,0.032829570565419575,25.426565,25.742686
08/12/2019,24.94,4051,25.02,25.08,24.8905,24.94,-0.06714045259023749,25.342064999999998,25.711884
09/12/2019,26.8804,6002,26.59,26.9171,26.5854,26.8804,0.0778027265437049,25.36278,25.725082
11/12/2019,26.69,12176,26.79,26.8699,26.69,26.69,-0.007083227928155855,25.41978,25.733682
12/12/2019,24.64,11239,24.508,24.6899,24.508,24.64,-0.07680779318096664,25.31378,25.707782
13/12/2019,24.7358,8922,24.61,24.76,24.61,24.7358,0.003887987012987093,25.325650000000003,25.678098
16/12/2019,25.05,8345,24.87,25.1191,24.87,25.05,0.012702237243185976,25.29065,25.655698
17/12/2019,25.12,12750,25.35,25.35,24.9701,25.12,0.0027944111776447844,25.26915,25.640394
18/12/2019,25.26,13093,25.11,25.28,25.11,25.26,0.005573248407643394,25.24265,25.628594
19/12/2019,25.5969,10090,25.2,25.5996,25.2,25.5969,0.013337292161520242,25.256495,25.604332
20/12/2019,25.98,6170,25.71,25.98,25.61,25.98,0.014966656118514221,25.31097,25.606792
23/12/2019,26.1716,11576,26.1,26.3187,26.0,26.1716,0.007374903772132457,25.37205,25.597223999999997
24/12/2019,26.2929,3697,26.22,26.3492,26.22,26.2929,0.004634794968591871,25.445695,25.6069
26/12/2019,26.459,12081,26.32,26.459,26.31,26.459,0.0063172947830023585,25.523915,25.631572000000002
27/12/2019,26.25,19579,26.5,26.5,26.25,26.25,-0.007899013568162028,25.602415,25.669016000000003
30/12/2019,26.4638,37100,26.24,26.5,26.24,26.4638,0.008144761904761877,25.69079,25.688618
31/12/2019,26.36,18793,26.34,26.585,26.33,26.36,-0.00392233919542917,25.77779,25.699422
04/01/2020,15.85,17686,16.83,16.83,15.85,15.85,-0.39871016691957506,25.342530000000004,25.497421999999997
05/01/2020,18.31,6538,18.71,18.71,18.02,18.31,0.15520504731861196,24.983530000000002,25.342622000000002
06/01/2020,20.3,97531,20.01,20.33,19.9,20.3,0.10868377935554352,24.70427,25.230221999999998
07/01/2020,20.23,21711,20.26,20.325,19.9,20.23,-0.0034482758620689724,24.37902,25.115022
09/01/2020,21.94,56062,21.84,21.9826,21.72,21.94,0.08452792881858628,24.22902,25.031822000000002
10/01/2020,21.1271,8056,20.98,21.15,20.97,21.1271,-0.037051048313582635,23.941355,24.932536
12/01/2020,24.9621,40356,24.91,25.125,24.7701,24.9621,0.18152041690530174,23.85496,24.914578000000002
13/01/2020,27.4921,30343,27.27,27.53,27.1149,27.4921,0.10135365213663916,23.997565,24.94502
14/01/2020,27.315,9483,27.44,27.5,27.21,27.315,-0.0064418505679813,24.126524999999997,24.96682
15/01/2020,27.535,8603,27.5,27.5402,27.4447,27.535,0.008054182683507216,24.250775,24.990920000000003
16/01/2020,27.7251,7757,27.66,27.75,27.66,27.7251,0.006903940439440648,24.381030000000003,25.023258000000002
17/01/2020,27.7488,6550,27.75,27.8404,27.71,27.7488,0.0008548210827010738,24.50547,25.058716
21/01/2020,27.7716,12213,27.86,27.87,27.7417,27.7716,0.0008216571527417393,24.614205000000002,25.110984000000002
22/01/2020,28.0686,23799,27.98,28.14,27.9428,28.0686,0.01069437842976284,24.718635,25.155942000000003
23/01/2020,27.78,18886,27.81,27.88,27.5005,27.78,-0.010281952074560174,24.799055,25.178942000000003
24/01/2020,27.065,14138,27.76,27.78,27.0163,27.065,-0.025737940964722816,24.837660000000003,25.190919999999995
27/01/2020,26.895,10457,26.66,26.91,26.6,26.895,-0.006281174949196444,24.859460000000002,25.217819999999996
28/01/2020,27.2172,10580,27.03,27.2979,27.0,27.2172,0.011979921918572112,24.90782,25.226964
29/01/2020,26.3016,13640,27.28,27.28,26.3016,26.3016,-0.03364049204179698,24.89971,25.263028
30/01/2020,25.8754,7792,26.05,26.14,25.6,25.8754,-0.01620433737871463,24.875480000000003,25.265536
31/01/2020,25.46,9771,26.09,26.09,25.458,25.46,-0.01605385810460891,25.35598,25.263735999999998
01/02/2020,26.76,19263,26.49,26.76,26.49,26.76,0.051060487038491864,25.778480000000002,25.283136000000002
03/02/2020,24.26,47536,24.27,24.32,23.4801,24.26,-0.09342301943198805,25.97648,25.261936000000002
04/02/2020,15.93,11962,15.81,16.2,15.66,15.93,-0.343363561417972,25.76148,25.082725999999997
06/02/2020,20.295,68236,20.51,20.51,20.215,20.295,0.27401129943502833,25.67923,24.989625999999998
07/02/2020,20.1,13240,20.44,20.555,20.07,20.1,-0.00960827790096086,25.627875,24.895225999999997
09/02/2020,22.45,96017,22.26,22.495,22.15,22.45,0.116915422885572,25.502270000000003,24.846334000000002
10/02/2020,21.13,46361,20.78,21.15,20.53,21.13,-0.0587973273942094,25.184165,24.775334
11/02/2020,21.1983,14658,21.11,21.27,21.06,21.1983,0.0032323710364410285,24.878330000000002,24.705374000000003
12/02/2020,25.0162,18513,24.99,25.0594,24.74,25.0162,0.18010406494860454,24.75239,24.713298000000005
13/02/2020,26.6481,6300,26.84,26.84,26.5627,26.6481,0.06523372854390352,24.69854,24.755156000000003
14/02/2020,27.0,12863,26.72,27.04,26.6,27.0,0.013205444290587343,24.661099999999998,24.785356
18/02/2020,27.2404,25913,27.7,28.1,27.15,27.2404,0.008903703703703636,24.63454,24.812459999999998
19/02/2020,28.19,127014,27.97,28.21,27.6,28.19,0.03485998737169793,24.640610000000002,24.84156
20/02/2020,28.345,179491,28.52,29.03,27.3177,28.345,0.005498403689251363,24.66886,24.90966
21/02/2020,27.624,30221,27.97,28.1,27.6,27.624,-0.025436584935614737,24.69681,24.924532
24/02/2020,27.1246,78574,26.95,27.46,26.4268,27.1246,-0.018078482479003677,24.708289999999998,24.933224
25/02/2020,26.25,33179,27.53,27.665,26.049,26.25,-0.032243793456862124,24.65993,24.965424000000002
26/02/2020,25.7,30235,26.17,26.81,25.6504,25.7,-0.020952380952380945,24.629849999999998,24.984708
27/02/2020,24.0,121078,24.97,24.97,23.555,24.0,-0.06614785992217898,24.53608,24.963707999999997
28/02/2020,23.96,35318,23.2,23.975,22.8101,23.96,-0.0016666666666665941,24.461080000000003,24.940508
01/03/2020,26.92,19186,26.53,27.0,26.53,26.92,0.12353923205342232,24.469079999999998,24.973708000000002
02/03/2020,25.8979,6270,25.59,25.92,25.59,25.8979,-0.03796805349182775,24.550975,24.979728
03/03/2020,23.71,36383,24.39,25.02,23.5801,23.71,-0.08448175334679642,24.939975,24.934328
04/03/2020,15.41,15052,15.86,16.0,15.4,15.41,-0.3500632644453817,24.695725,24.719096000000004
06/03/2020,20.9406,52727,20.27,20.99,20.27,20.9406,0.3588968202465932,24.737755,24.61205
08/03/2020,21.08,33557,20.8,21.17,20.608,21.08,0.006656924825458654,24.669255,24.504469999999998
09/03/2020,21.98,37549,22.58,22.6435,21.88,21.98,0.04269449715370022,24.711755,24.419069999999998
11/03/2020,21.9174,9546,21.59,21.95,21.59,21.9174,-0.0028480436760691674,24.747709999999998,24.328142
12/03/2020,25.29,22035,25.05,25.4399,25.05,25.29,0.1538777409729255,24.761400000000002,24.306742
13/03/2020,18.2,29530,19.0,19.0,17.035,18.2,-0.280347963621985,24.338995,24.353742
16/03/2020,16.2191,25766,16.9,17.0266,16.1504,16.2191,-0.10884065934065923,23.799950000000003,24.311923999999998
17/03/2020,16.635,21077,16.22,17.035,15.7633,16.635,0.02564260655646744,23.26968,24.238624
18/03/2020,14.68,85473,15.74,15.87,14.2117,14.68,-0.11752329425909236,22.59418,24.127624
19/03/2020,15.37,27694,14.73,15.4599,14.21,15.37,0.04700272479564038,21.94543,23.996223999999998
20/03/2020,14.84,42550,15.39,15.96,14.73,14.84,-0.03448275862068961,21.30623,23.870482000000003
23/03/2020,14.77,21501,14.94,14.94,14.38,14.77,-0.004716981132075526,20.688499999999998,23.66664
24/03/2020,16.0,19977,15.97,16.08,15.73,16.0,0.08327691266079884,20.176,23.436798000000003
25/03/2020,16.92,22175,16.31,17.265,16.1387,16.92,0.05750000000000011,19.737000000000002,23.228898
26/03/2020,17.95,19101,17.08,18.0699,17.08,17.95,0.06087470449172572,19.4345,23.037198
27/03/2020,17.36,11847,17.42,17.63,17.0745,17.36,-0.032869080779944326,19.104499999999998,22.829896000000005
30/03/2020,17.08,15077,17.35,17.35,16.86,17.08,-0.016129032258064613,18.6125,22.61652
31/03/2020,17.07,22415,17.34,17.34,16.97,17.07,-0.0005854800936766491,18.171105,22.402487999999998
02/04/2020,26.605,13761,26.4,26.68,26.4,26.605,0.5585823081429409,18.315855,22.373216000000003
03/04/2020,24.22,27999,24.27,24.27,23.81,24.22,-0.08964480360834437,18.756355000000003,22.302016
05/04/2020,17.8,6823,18.03,18.03,17.7571,17.8,-0.2650701899256812,18.599325,22.116716
06/04/2020,21.0775,28914,20.96,21.2,20.8688,21.0775,0.18412921348314604,18.599200000000003,22.000366000000003
08/04/2020,21.12,21185,20.97,21.16,20.96,21.12,0.002016368165105087,18.5562,21.878422
09/04/2020,21.8112,32975,22.09,22.199,21.41,21.8112,0.032727272727272716,18.550890000000003,21.788614000000003
11/04/2020,21.71,13337,21.45,21.89,21.4207,21.71,-0.0046398180751172635,18.37189,21.705306
12/04/2020,25.62,16707,25.36,25.64,25.36,25.62,0.18010133578995857,18.74289,21.708505999999996
13/04/2020,17.72,11634,18.34,18.38,17.6446,17.72,-0.308352849336456,18.817935,21.527706
14/04/2020,18.28,11516,18.09,18.5579,18.09,18.28,0.031602708803611934,18.900185,21.408105999999997
15/04/2020,17.62,7837,17.8,17.986,17.51,17.62,-0.03610503282275712,19.047185,21.441906000000003
16/04/2020,17.39,10210,17.62,17.73,17.3,17.39,-0.013053348467650383,19.148185,21.383806
17/04/2020,18.27,8592,17.95,18.285,17.95,18.27,0.050603795284646313,19.319685,21.347206
20/04/2020,17.87,5389,18.11,18.299,17.86,17.87,-0.021893814997263172,19.474685,21.255606000000004
21/04/2020,17.27,5284,17.62,17.62,17.1965,17.27,-0.033575825405707915,19.538185,21.178406
22/04/2020,17.4716,6318,17.49,17.49,17.3037,17.4716,0.011673422119282018,19.565765000000003,21.103871999999996
23/04/2020,17.67,3255,17.879,17.879,17.67,17.67,0.011355571327182679,19.551765,20.956947999999997
24/04/2020,17.85,4986,17.8,17.86,17.52,17.85,0.010186757215619568,19.576265,20.780986000000002
27/04/2020,18.47,8020,17.91,18.47,17.9,18.47,0.034733893557422846,19.645765,20.610386
28/04/2020,18.64,8413,18.71,18.83,18.47,18.64,0.00920411478072558,19.724265,20.438378
29/04/2020,19.22,6792,18.89,19.3699,18.84,19.22,0.0311158798283262,19.355015,20.258978000000003
30/04/2020,18.92,15097,18.83,18.935,18.68,18.92,-0.015608740894901052,19.090015,20.070478
02/05/2020,26.3992,5280,26.88,26.88,26.374,26.3992,0.39530655391120506,19.519975,20.045982
03/05/2020,23.33,15885,23.56,23.6699,23.17,23.33,-0.11626109882117652,19.6326,19.97009
05/05/2020,17.99,7201,17.94,18.33,17.94,17.99,-0.22888984140591517,19.4761,19.80489
06/05/2020,21.885,39693,21.8,22.1,21.68,21.885,0.21650917176209017,19.47979,19.72859
08/05/2020,21.3,40909,21.36,21.36,21.12,21.3,-0.02673063742289239,19.459290000000003,19.67459
10/05/2020,21.48,20926,21.03,21.56,21.03,21.48,0.008450704225352101,19.252290000000002,19.62499
11/05/2020,22.4772,10373,22.01,22.6,22.01,22.4772,0.04642458100558655,19.49015,19.536134
13/05/2020,17.09,9619,17.5,17.5003,17.025,17.09,-0.23967398074493262,19.43065,19.359976000000003
14/05/2020,16.945,39249,16.79,16.97,16.26,16.945,-0.008484493856056097,19.3969,19.224676
15/05/2020,17.1299,8401,16.99,17.1299,16.91,17.1299,0.01091177338447924,19.383895000000003,19.259074000000002
18/05/2020,18.23,10124,17.63,18.3,17.46,18.23,0.06422104040303811,19.381895,19.204862000000002
19/05/2020,18.0,10830,18.05,18.18,17.8601,18.0,-0.012616566099835413,19.388395,19.143262
20/05/2020,18.11,10327,18.06,18.23,18.0,18.11,0.006111111111111178,19.430395,19.065862
21/05/2020,18.2827,6673,18.05,18.3199,18.03,18.2827,0.009536167863058997,19.47095,18.993168
22/05/2020,18.61,4359,18.3,18.62,18.215,18.61,0.017902169810804835,19.517950000000003,18.859568000000003
26/05/2020,19.58,26846,19.45,19.689,19.3018,19.58,0.05212251477700147,19.60445,18.887168
27/05/2020,20.08,52021,20.0,20.08,19.5817,20.08,0.025536261491317713,19.68495,18.964386
28/05/2020,19.9047,38675,20.24,20.24,19.89,19.9047,-0.008730079681274927,19.748185,19.029780000000002
29/05/2020,19.6032,25152,19.81,19.81,19.465,19.6032,-0.015147176295045806,19.767345,19.128244000000002
01/06/2020,26.9287,12908,27.13,27.13,26.9,26.9287,0.373688989552726,20.16778,19.359418
02/06/2020,26.69,81770,26.65,27.3,26.37,26.69,-0.008864148659237125,20.182319999999997,19.596418
03/06/2020,22.3101,15012,22.62,22.87,22.2025,22.3101,-0.1641026601723493,20.131325,19.74722
04/06/2020,16.67,7058,16.08,16.82,16.08,16.67,-0.2528047834837135,20.065324999999998,19.760620000000003
05/06/2020,17.75,12294,18.14,18.1625,17.75,17.75,0.0647870425914816,19.858575,19.77722
07/06/2020,20.21,20346,20.47,20.49,20.0,20.21,0.13859154929577477,19.804075,19.82242
08/06/2020,21.745,26017,21.31,21.7624,21.31,21.745,0.07595249876298871,19.817325,19.91012
10/06/2020,21.36,32955,21.48,21.91,21.36,21.36,-0.017705219590710586,19.761464999999998,19.99572
11/06/2020,22.1582,11312,22.48,22.505,22.105,22.1582,0.03736891385767804,20.014875,20.097484
15/06/2020,20.5,26725,20.15,20.713,19.63,20.5,-0.07483459847821572,20.192625,19.975384000000002
16/06/2020,21.09,34565,21.39,21.51,20.75,21.09,0.028780487804878074,20.390629999999998,19.912784
17/06/2020,20.67,18096,21.26,21.26,20.67,20.67,-0.019914651493598723,20.512629999999998,19.970184000000003
18/06/2020,21.074,14505,20.66,21.47,20.55,21.074,0.01954523463957436,20.66633,19.970114000000002
19/06/2020,20.51,29701,21.44,21.44,20.47,20.51,-0.02676283572174243,20.78633,19.957914000000002
22/06/2020,20.61,27038,20.58,20.67,20.42,20.61,0.004875670404680621,20.902695,19.933889999999998
23/06/2020,20.58,15569,20.82,20.9,20.58,20.58,-0.0014556040756914523,21.001195,19.91129
24/06/2020,20.16,29945,20.3,20.36,19.86,20.16,-0.020408163265306034,21.030195,19.80209
25/06/2020,20.0486,33127,19.96,20.08,19.8,20.0486,-0.005525793650793642,21.028624999999998,19.848662
26/06/2020,19.6304,21292,20.08,20.08,19.6,19.6304,-0.02085931187215062,21.01491,19.87567
29/06/2020,19.973,26132,19.7,20.01,19.6,19.973,0.01745252261798025,21.0334,19.92273
30/06/2020,20.13,14847,19.85,20.13,19.79,20.13,0.00786061182596498,20.693465,19.97753
01/07/2020,26.92,6183,26.86,27.015,26.86,26.92,0.33730750124192754,20.704965,20.15053
02/07/2020,26.4388,10205,26.56,26.89,26.2104,26.4388,-0.017875185735512722,20.9114,20.321906000000002
04/07/2020,16.775,13258,17.22,17.5,16.73,16.775,-0.3655158327912009,20.91665,20.312006
05/07/2020,17.915,8257,17.82,18.1499,17.82,17.915,0.06795827123695974,20.9249,20.320874
07/07/2020,19.71,36718,20.08,20.08,19.7005,19.71,0.10019536701088483,20.8999,20.361674
08/07/2020,21.78,28382,21.69,21.869,21.69,21.78,0.10502283105022836,20.90165,20.440274
10/07/2020,21.7,20268,21.45,21.75,21.45,21.7,-0.0036730945821855654,20.918650000000003,20.504874
12/07/2020,25.85,36764,25.59,25.9166,25.5405,25.85,0.19124423963133652,21.10324,20.649074
13/07/2020,19.45,18987,19.75,20.0,19.38,19.45,-0.24758220502901362,21.05074,20.653674000000002
14/07/2020,19.77,12855,19.46,19.77,19.42,19.77,0.01645244215938302,20.98474,20.670673999999998
15/07/2020,20.3,12005,20.05,20.38,20.05,20.3,0.026808295397066306,20.966240000000003,20.54869
16/07/2020,20.4,90626,20.28,20.5797,20.28,20.4,0.004926108374384119,20.93254,20.49009
17/07/2020,20.68,27681,20.57,20.72,20.48,20.68,0.013725490196078383,20.94104,20.54389
20/07/2020,20.487,14754,20.62,20.62,20.37,20.487,-0.009332688588007843,20.93489,20.515929999999997
21/07/2020,20.86,165512,20.56,21.0723,20.56,20.86,0.01820666764289558,20.94889,20.507130000000004
22/07/2020,20.9521,33904,20.86,20.98,20.8295,20.9521,0.004415148609779651,20.988495,20.496572
23/07/2020,20.74,43781,20.98,21.11,20.61,20.74,-0.010123090286892622,21.023065000000003,20.461828
24/07/2020,20.5701,32124,20.87,20.87,20.53,20.5701,-0.008191899710703887,21.070050000000002,20.53143
27/07/2020,20.785,28756,20.67,20.8,20.5,20.785,0.010447202492938734,21.11065,20.60823
28/07/2020,20.895,20208,20.84,21.11,20.779,20.895,0.005292278085157642,21.1489,20.683532
29/07/2020,20.9396,28024,20.96,21.039,20.85,20.9396,0.0021344819334767617,20.84988,20.737724
30/07/2020,21.01,18293,20.76,21.0484,20.58,21.01,0.0033620508510192604,20.578439999999997,20.797924
31/07/2020,20.56,17333,20.98,20.98,20.42,20.56,-0.021418372203712677,20.767689999999998,20.846923999999998
01/08/2020,26.865,6540,26.89,26.92,26.69,26.865,0.30666342412451364,21.21519,21.01857
04/08/2020,17.78,8365,16.83,17.85,16.83,17.78,-0.3381723431974687,21.11869,21.00197
05/08/2020,18.6699,5726,18.26,18.6699,18.26,18.6699,0.05005061867266569,20.963185,20.983768
06/08/2020,22.94,52839,22.66,22.94,22.5,22.94,0.2287157403092681,21.025185,21.040968
07/08/2020,19.6,14687,19.71,19.745,19.4232,19.6,-0.14559721011333915,20.712685,21.034874
09/08/2020,21.58,24129,21.75,21.84,21.33,21.58,0.10102040816326507,20.819185,21.074409999999997
10/08/2020,21.98,14202,21.84,21.98,21.84,21.98,0.018535681186283792,20.929685,20.975436
12/08/2020,25.95,32637,25.85,25.9692,25.8,25.95,0.18061874431301184,21.212184999999998,20.960636
13/08/2020,22.21,16093,22.04,22.2996,22.04,22.21,-0.1441233140655105,21.302685,20.958634000000004
14/08/2020,22.19,13347,22.19,22.25,22.0,22.19,-0.0009004952723997706,21.378185,21.069034000000002
17/08/2020,22.1127,12080,22.25,22.26,21.9701,22.1127,-0.0034835511491663196,21.459470000000003,21.156288
18/08/2020,22.02,33084,22.36,22.36,22.0,22.02,-0.004192161065812883,21.51747,21.192487999999997
19/08/2020,21.8597,13925,21.94,22.0218,21.82,21.8597,-0.007279745685740191,21.56285,21.194782
20/08/2020,21.7396,16113,21.84,21.86,21.7,21.7396,-0.0054941284647090916,21.612830000000002,21.202374
21/08/2020,21.52,13177,21.71,21.71,21.51,21.52,-0.010101381810152854,21.660325,21.189610000000002
24/08/2020,21.86,14345,21.77,21.9736,21.64,21.86,0.01579925650557623,21.714075,21.21681
25/08/2020,22.0,22632,22.3,22.3,21.93,22.0,0.006404391582799596,21.769325000000002,21.23501
26/08/2020,21.99,25231,21.99,22.01,21.87,21.99,-0.00045454545454548523,21.821845000000003,21.26141
27/08/2020,21.9097,10349,22.09,22.1,21.7501,21.9097,-0.003651659845384181,21.86683,21.278124
28/08/2020,22.0139,22698,22.24,22.24,21.8801,22.0139,0.0047558843799777595,21.939525,21.308202
31/08/2020,21.9,13062,22.13,22.13,21.88,21.9,-0.005174003697663743,21.691275,21.334001999999995
01/09/2020,27.04,7516,27.0,27.0885,26.92,27.04,0.23470319634703207,22.154275,21.463202000000003
03/09/2020,20.4,24463,21.95,21.95,20.15,20.4,-0.24556213017751483,22.24078,21.468002000000002
04/09/2020,18.31,20879,18.11,18.6995,18.1,18.31,-0.10245098039215683,22.009279999999997,21.43323
06/09/2020,22.4136,43104,22.67,22.67,22.155,22.4136,0.22411796832332054,22.14996,21.488894000000002
07/09/2020,19.43,17717,19.66,19.66,19.2,19.43,-0.13311560838062597,22.04246,21.478034
09/09/2020,21.7899,7053,21.83,21.83,21.72,21.7899,0.12145651055069484,22.032954999999998,21.511232
10/09/2020,22.1737,15557,22.07,22.2125,21.99,22.1737,0.017613665046650073,21.84414,21.416306000000006
11/09/2020,23.023,29699,23.32,23.5876,22.885,23.023,0.03830213270676519,21.884790000000002,21.34799
12/09/2020,25.75,38434,26.0,26.285,25.56,25.75,0.11844677062068376,22.06279,21.527489999999997
14/09/2020,21.82,16241,21.65,21.82,21.571,21.82,-0.152621359223301,22.048155,21.605589999999996
15/09/2020,21.7808,15507,21.91,21.96,21.77,21.7808,-0.001796516956920291,22.036195,21.647006
16/09/2020,22.01,27555,22.06,22.2512,21.93,22.01,0.010523029457136568,22.043709999999997,21.651605999999997
17/09/2020,22.1,12325,21.97,22.1,21.8301,22.1,0.004089050431621999,22.06173,21.659606000000004
18/09/2020,21.9,6204,22.09,22.25,21.81,21.9,-0.009049773755656187,22.08073,21.580606
21/09/2020,21.17,88473,21.61,21.61,21.01,21.17,-0.033333333333333215,22.04623,21.615005999999997
22/09/2020,21.17,10402,21.11,21.29,20.97,21.17,0.0,22.00473,21.643006
23/09/2020,20.6842,23299,21.25,21.37,20.65,20.6842,-0.02294756731223435,21.93944,21.65069
24/09/2020,20.45,18399,20.5,20.68,20.3401,20.45,-0.011322652072596529,21.866455,21.651690000000002
25/09/2020,20.52,12654,20.33,20.5499,20.26,20.52,0.0034229828850855792,21.79176,21.648490000000002
28/09/2020,21.21,18684,21.0,21.3,20.962,21.21,0.033625730994152114,21.757260000000002,21.662950000000002
29/09/2020,21.2,8066,21.21,21.26,21.0608,21.2,-0.00047147571900052476,21.46526,21.66975
30/09/2020,20.95,11364,21.28,21.4,20.83,20.95,-0.011792452830188704,21.49276,21.669708
01/10/2020,27.1953,10128,27.1,27.21,27.0901,27.1953,0.2981050119331743,21.937025,21.798814000000004
02/10/2020,26.657,3847,26.42,26.6596,26.35,26.657,-0.019793861439292848,22.149195,21.920551999999997
03/10/2020,20.7,27440,21.38,21.4518,20.22,20.7,-0.22346850733390855,22.212695,21.918852
06/10/2020,21.6,46028,22.37,22.37,21.52,21.6,0.04347826086956541,22.203200000000002,21.932952
07/10/2020,19.6,14945,19.4,19.6399,19.33,19.6,-0.09259259259259256,22.074514999999998,21.90616
08/10/2020,22.04,21252,22.0,22.08,21.9448,22.04,0.12448979591836729,22.025365,21.926759999999998
09/10/2020,21.4085,35106,21.86,22.0449,21.361,21.4085,-0.02865245009074402,21.80829,21.943730000000002
11/10/2020,23.15,11297,22.98,23.27,22.9699,23.15,0.08134619426863154,21.874789999999997,21.86943
12/10/2020,25.74,18206,25.57,25.74,25.5494,25.74,0.11187904967602602,22.07275,22.028630000000003
13/10/2020,21.8999,7933,21.79,21.9,21.7759,21.8999,-0.14918803418803417,22.067245,22.09323
14/10/2020,21.85,57766,21.5,21.9479,21.5,21.85,-0.002278549217119563,22.054745000000004,22.07143
15/10/2020,21.775,14079,21.35,21.79,21.35,21.775,-0.003432494279176357,22.048495,22.11493
16/10/2020,21.87,7848,21.77,22.0,21.7383,21.87,0.0043628013777268215,22.083495,22.12073
19/10/2020,21.7749,7671,21.9,22.1,21.7749,21.7749,-0.004348422496570747,22.11374,22.116628000000002
20/10/2020,22.0,6187,21.93,22.22,21.93,22.0,0.010337590528544327,22.17953,22.037627999999998
21/10/2020,21.75,11889,21.99,22.045,21.716,21.75,-0.011363636363636354,22.24453,22.028427999999998
22/10/2020,21.92,4225,21.97,21.97,21.805,21.92,0.007816091954023108,22.31453,22.023028
23/10/2020,21.9206,8728,21.87,21.95,21.856,21.9206,2.7372262773717182e-05,22.35006,22.019186
26/10/2020,21.43,24477,21.76,21.76,21.3,21.43,-0.022380774248880075,22.36156,22.007386
27/10/2020,21.2,4677,21.53,21.53,21.2,21.2,-0.010732617825478297,22.37406,21.994192
28/10/2020,20.71,15864,20.99,20.99,20.71,20.71,-0.023113207547169723,22.049794999999996,21.973599999999998
29/10/2020,21.04,6928,20.71,21.07,20.61,21.04,0.015934331240946342,21.768945,21.963999999999995
30/10/2020,20.84,12219,20.92,21.03,20.74,20.84,-0.009505703422053147,21.775945,21.9436
02/11/2020,27.0874,15281,26.9,27.13,26.8688,27.0874,0.29977927063339727,22.050314999999998,22.045348
03/11/2020,19.2736,24324,20.25,20.25,18.98,19.2736,-0.2884662241484971,22.033995,21.99102
05/11/2020,18.58,7531,18.38,18.58,18.25,18.58,-0.03598704964303501,21.860995,21.924426000000004
06/11/2020,19.7,55468,20.74,20.98,19.6254,19.7,0.060279870828848336,21.77557,21.878148
08/11/2020,22.06,38695,22.45,22.45,22.0401,22.06,0.11979695431472082,21.72107,21.881348000000003
09/11/2020,21.4,50766,21.59,21.59,21.271,21.4,-0.029918404351767958,21.50407,21.768547999999996
11/11/2020,23.21,10802,23.28,23.28,23.055,23.21,0.08457943925233646,21.569575,21.824748
12/11/2020,25.98,17238,25.87,26.0,25.77,25.98,0.11934510986643687,21.776075,21.978148
13/11/2020,23.705,14413,23.2,23.7299,23.2,23.705,-0.08756735950731342,21.872575,22.003975999999998
16/11/2020,24.31,25182,24.37,24.37,24.1569,24.31,0.025522041763341052,21.994575,22.101576
17/11/2020,24.23,12331,24.01,24.341,24.0,24.23,-0.0032908268202385127,22.11733,22.150378
18/11/2020,24.32,13107,24.3,24.4978,24.3,24.32,0.0037144036318612628,22.23333,22.193304
19/11/2020,24.07,15422,24.07,24.135,24.02,24.07,-0.010279605263157854,22.34933,22.214243999999997
20/11/2020,24.16,10002,24.32,24.32,24.1,24.16,0.0037390943082675765,22.461329999999997,22.182444
23/11/2020,24.465,14553,24.31,24.53,24.23,24.465,0.012624172185430549,22.588549999999998,22.235344
24/11/2020,24.98,22563,24.78,25.0,24.6507,24.98,0.02105048027794809,22.76605,22.299328
25/11/2020,24.972,12932,24.98,25.01,24.78,24.972,-0.00032025620496389795,22.95465,22.358568
27/11/2020,25.05,8984,25.07,25.0747,25.0,25.05,0.0031234983181163134,23.17165,22.417567999999996
30/11/2020,24.68,51572,25.31,25.31,24.5,24.68,-0.014770459081836385,23.35365,22.473168
02/12/2020,26.84,171981,27.12,27.52,26.75,26.84,0.08752025931928697,23.653650000000003,22.586567999999996
03/12/2020,17.13,30276,18.12,18.215,16.77,17.13,-0.3617734724292102,23.15578,22.505768
05/12/2020,17.8389,5122,18.265,18.339,17.8389,17.8389,0.04138353765323988,23.084044999999996,22.448862
06/12/2020,20.26,37971,20.36,20.73,20.0,20.26,0.1357202518092484,23.168045,22.445061999999997
08/12/2020,22.06,23487,22.18,22.36,22.06,22.06,0.0888450148075024,23.286044999999998,22.475861999999996
10/12/2020,22.01,12404,22.03,22.1,21.94,22.01,-0.002266545784224694,23.283545,22.491861999999998
11/12/2020,23.01,8738,23.19,23.29,22.9,23.01,0.04543389368468875,23.364045,22.528062
14/12/2020,25.51,35942,25.91,25.951,25.435,25.51,0.10864841373315959,23.479045,22.619262
15/12/2020,25.6,25184,25.53,25.67,25.26,25.6,0.003528028224225821,23.460045,22.587356
16/12/2020,25.29,25693,25.68,25.68,25.25,25.29,-0.012109375000000089,23.539295,22.560016
17/12/2020,25.33,46219,25.28,25.3827,25.17,25.33,0.0015816528272043495,23.590294999999998,22.652616
18/12/2020,25.18,24355,25.43,25.43,25.05,25.18,-0.005921831819976298,23.637795,22.724216000000002
21/12/2020,24.98,32775,25.03,25.03,24.6,24.98,-0.007942811755361379,23.670795000000002,22.831816
22/12/2020,24.98,19032,24.93,24.998,24.823,24.98,0.0,23.716295000000002,22.890616
23/12/2020,25.5,22098,25.05,25.55,25.0412,25.5,0.02081665332265814,23.783295000000003,22.972446
24/12/2020,25.65,85583,25.55,25.8334,25.55,25.65,0.00588235294117645,23.842545,23.022446
28/12/2020,25.6919,70750,26.0,26.0,25.67,25.6919,0.0016335282651072092,23.878140000000002,23.021484
29/12/2020,25.328,38501,25.77,25.89,25.23,25.328,-0.014163997213129442,23.89594,23.090046
30/12/2020,25.4,16148,25.37,25.46,25.3391,25.4,0.002842703727100382,23.91344,23.161046000000002
31/12/2020,25.49,17708,25.3,25.525,25.16,25.49,0.0035433070866142113,23.95394,23.235346
02/01/2021,28.22,117009,27.86,28.3248,27.43,28.22,0.10710082385249109,24.02294,23.362346000000002
03/01/2021,30.28,118968,29.83,30.325,29.7001,30.28,0.07299787384833456,24.680439999999997,23.532448
04/01/2021,28.9,66762,29.04,29.21,28.63,28.9,-0.04557463672391027,25.233495,23.670448
06/01/2021,30.11,33531,30.28,30.3887,30.1006,30.11,0.04186851211072673,25.725995,23.837647999999998
07/01/2021,31.05,26816,31.21,31.22,30.95,31.05,0.0312188641647293,26.175495,24.020247999999995
09/01/2021,31.2,21095,31.26,31.4,31.11,31.2,0.004830917874396157,26.634994999999996,24.205835999999998
10/01/2021,30.52,49988,30.5,30.615,30.12,30.52,-0.02179487179487183,27.010495,24.387635999999997
11/01/2021,30.72,54807,30.2,30.72,30.06,30.72,0.006553079947575258,27.270995,24.578035999999997
12/01/2021,26.5,110453,27.38,27.74,26.5,26.5,-0.13736979166666663,27.315994999999997,24.693836
13/01/2021,25.8744,44575,26.25,26.25,25.8501,25.8744,-0.023607547169811283,27.345215000000003,24.790524
14/01/2021,27.4,748100,27.0,27.6399,26.87,27.4,0.05896175370250112,27.448715,24.921723999999998
15/01/2021,27.07,294819,27.51,27.53,26.88,27.07,-0.012043795620437892,27.543214999999996,24.921376
19/01/2021,28.07,409080,27.78,28.185,27.6981,28.07,0.03694126339120807,27.697715,25.097304000000005
20/01/2021,28.05,353505,28.26,28.4696,27.9,28.05,-0.0007125044531528513,27.851214999999996,25.286704
21/01/2021,27.86,209137,28.07,28.07,27.61,27.86,-0.006773618538324477,27.969215,25.449904
22/01/2021,27.85,207639,27.71,27.9,27.5,27.85,-0.000358937544867155,28.079214999999998,25.565704
25/01/2021,28.35,240700,28.23,28.755,27.8503,28.35,0.01795332136445249,28.21212,25.704704000000003
26/01/2021,28.65,189846,28.64,28.76,28.29,28.65,0.01058201058201047,28.37822,25.813504000000002
27/01/2021,27.9297,232704,28.2,28.895,27.85,27.9297,-0.025141361256544426,28.504705,25.852498
28/01/2021,27.765,127022,28.12,28.4015,27.5601,27.765,-0.005896948409757297,28.618455,25.933698000000003
29/01/2021,27.25,97984,27.7,27.9786,27.05,27.25,-0.018548532324869416,28.569955,25.992498
02/02/2021,28.33,171382,28.92,28.9399,28.26,28.33,0.03963302752293574,28.472455000000004,26.074498
03/02/2021,29.89,79203,30.31,30.3199,29.88,29.89,0.05506530180021185,28.521955000000002,26.185897999999998
06/02/2021,30.34,15574,30.16,30.3978,30.0301,30.34,0.015055202408832402,28.533455000000004,26.311298
07/02/2021,31.12,30185,31.4,31.5,31.02,31.12,0.02570863546473312,28.536955,26.450497999999996
08/02/2021,29.85,21447,29.97,30.15,29.7684,29.85,-0.04080976863753216,28.469455,26.558198
09/02/2021,31.74,60893,31.5,32.12,31.5,31.74,0.06331658291457276,28.530455,26.693398000000002
11/02/2021,30.715,34565,30.79,30.79,30.49,30.715,-0.032293635790800246,28.530205000000002,26.808258000000002
12/02/2021,27.07,50232,26.7,27.24,26.7,27.07,-0.11867165879863262,28.558704999999996,26.848658
16/02/2021,31.66,289957,32.25,32.3462,31.49,31.66,0.16956039896564468,28.847985,26.988258000000002
17/02/2021,31.27,237731,31.44,31.55,30.4331,31.27,-0.012318382817435247,29.041485,27.076858
18/02/2021,30.37,150423,30.7,30.75,30.0408,30.37,-0.02878157978893503,29.206485000000004,27.341658
19/02/2021,30.76,143504,30.64,31.12,30.64,30.76,0.012841620019756306,29.340985,27.60008
22/02/2021,30.26,117392,30.453,30.76,30.22,30.26,-0.016254876462938883,29.451485,27.80008
23/02/2021,29.6,235380,29.5,29.6936,28.322,29.6,-0.021810971579643068,29.538485,27.95088
24/02/2021,30.48,285520,29.67,30.72,29.65,30.48,0.029729729729729648,29.669985000000004,28.12028
25/02/2021,29.43,269641,30.5,30.669,29.31,29.43,-0.034448818897637845,29.723985,28.248680000000004
26/02/2021,29.1,134954,29.28,29.499,28.605,29.1,-0.011213047910295537,29.746485,28.320479999999996
02/03/2021,29.19,175320,28.63,29.2,28.5475,29.19,0.003092783505154628,29.809500000000003,28.39228
03/03/2021,29.29,103522,29.95,30.13,29.26,29.29,0.0034258307639600805,29.88575,28.47228
05/03/2021,29.86,40768,29.97,29.97,29.72,29.86,0.0194605667463299,30.016250000000003,28.56288
06/03/2021,30.28,12453,30.22,30.327,30.08,30.28,0.01406563965170804,30.11375,28.664879999999997
08/03/2021,29.78,103270,29.89,29.89,29.4,29.78,-0.01651254953764858,30.108249999999998,28.76088
09/03/2021,31.54,49919,32.0,32.0,31.428,31.54,0.05910006715916705,30.16825,28.89208
11/03/2021,31.22,28929,30.72,31.24,30.7,31.22,-0.010145846544071024,30.173250000000003,29.00648
12/03/2021,26.75,20319,27.18,27.18,26.655,26.75,-0.1431774503523382,30.018250000000002,29.02848
15/03/2021,30.66,83157,30.77,30.81,30.4,30.66,0.1461682242990654,29.964250000000003,29.127842
16/03/2021,29.78,76540,30.72,30.72,29.65,29.78,-0.028701891715590344,29.9175,29.216882000000002
17/03/2021,30.28,65172,29.76,30.28,29.4467,30.28,0.016789791806581578,30.077999999999996,29.314482
18/03/2021,29.2,79545,29.85,30.06,29.1901,29.2,-0.03566710700132103,29.955000000000002,29.388682
19/03/2021,29.31,45364,29.27,29.42,28.8527,29.31,0.003767123287671259,29.857,29.410482000000002
22/03/2021,29.399,59839,29.54,29.54,29.3,29.399,0.003036506311838938,29.80845,29.392862
23/03/2021,28.59,61781,29.36,29.36,28.47,28.59,-0.02751794278716968,29.69995,29.386661999999998
24/03/2021,28.0,73004,28.65,28.83,28.0,28.0,-0.020636586218957698,29.58695,29.344462
25/03/2021,28.37,215217,27.77,28.43,27.5,28.37,0.013214285714285845,29.52545,29.290862
26/03/2021,28.63,45211,28.62,28.67,28.155,28.63,0.009164610504053483,29.432949999999998,29.239462
29/03/2021,28.27,88629,28.4246,28.7875,28.1512,28.27,-0.012574222843171445,29.374950000000002,29.194462
30/03/2021,28.34,100759,28.27,28.4499,27.9801,28.34,0.002476123098691163,29.33695,29.146862000000002
31/03/2021,28.5301,69606,28.41,28.66,28.27,28.5301,0.006707833450952716,29.303954999999995,29.187464
01/04/2021,25.11,34364,25.68,25.68,24.85,25.11,-0.1198769019386543,29.094955,29.172176000000004
02/04/2021,29.61,496646,29.512,29.77,29.3,29.61,0.1792114695340501,29.082455,29.216376
03/04/2021,28.07,397290,29.14,29.24,27.5501,28.07,-0.05200945626477538,28.971955,29.236376
05/04/2021,29.2,99256,29.34,29.6,28.92,29.2,0.040256501603134875,28.942955,29.258975999999997
06/04/2021,30.45,24696,30.5,30.54,30.35,30.45,0.042808219178082085,28.888455,29.306976
08/04/2021,29.81,50764,29.78,29.9917,29.63,29.81,-0.021018062397372805,28.817955,29.345976
10/04/2021,30.16,9748,30.44,30.44,30.101,30.16,0.011741026501174145,28.988455,29.392176
11/04/2021,31.11,35701,31.34,31.42,31.04,31.11,0.03149867374005311,29.010954999999996,29.447376
13/04/2021,29.59,30088,29.46,29.613,29.3101,29.59,-0.04885888781742209,29.001455,29.466176
14/04/2021,29.65,35799,29.64,29.94,29.62,29.65,0.002027712064886833,28.969955,29.500581999999998
15/04/2021,29.5,42666,29.65,29.7199,29.43,29.5,-0.005059021922428242,28.984954999999996,29.535282
16/04/2021,29.79,44637,29.61,29.81,29.5,29.79,0.009830508474576227,29.008955000000004,29.586081999999998
19/04/2021,29.44,38694,29.91,29.91,29.34,29.44,-0.011748909029875687,29.011005,29.608282
20/04/2021,28.84,47638,29.17,29.1801,28.71,28.84,-0.02038043478260876,29.023505,29.587282000000002
21/04/2021,29.55,27986,28.9,29.55,28.7,29.55,0.02461858529819705,29.101004999999997,29.571482
22/04/2021,29.41,28419,29.4587,29.73,29.3201,29.41,-0.004737732656514448,29.153004999999997,29.537282
23/04/2021,29.79,33953,29.59,29.8,29.5,29.79,0.012920775246514804,29.211005,29.536081999999997
26/04/2021,29.97,69120,29.76,30.095,29.7,29.97,0.0060422960725075026,29.296005,29.500681999999998
27/04/2021,30.07,37842,29.91,30.1,29.91,30.07,0.003336670003336817,29.382505,29.487782000000003
28/04/2021,29.71,27124,29.9,29.9,29.6701,29.71,-0.011972065181243718,29.4415,29.540582
29/04/2021,30.17,34864,29.94,30.17,29.8093,30.17,0.015483002356108999,29.694499999999998,29.510782
30/04/2021,29.7,17118,29.97,30.025,29.665,29.7,-0.015578389128273251,29.699,29.479382
01/05/2021,25.39,19267,25.08,25.445,25.08,25.39,-0.1451178451178451,29.565000000000005,29.379782
02/05/2021,30.27,309992,30.0,30.3513,29.81,30.27,0.1922016541945648,29.6185,29.369982000000004
03/05/2021,28.09,174502,28.17,28.46,26.75,28.09,-0.07201850016518008,29.5005,29.326582
04/05/2021,29.33,59355,29.25,29.38,29.0365,29.33,0.04414382342470624,29.476499999999998,29.321182
05/05/2021,29.14,101737,29.19,29.38,29.09,29.14,-0.0064780088646436695,29.4255,29.294382
08/05/2021,30.02,23626,29.73,30.095,29.73,30.02,0.030199039121482363,29.371000000000002,29.306182
10/05/2021,30.35,27825,30.25,30.488,30.14,30.35,0.01099267155229855,29.409,29.331182
11/05/2021,31.29,66691,31.14,31.5,31.14,31.29,0.03097199341021417,29.491000000000003,29.373181999999996
13/05/2021,28.56,25300,28.46,28.8496,28.2801,28.56,-0.08724832214765099,29.444,29.358582000000002
14/05/2021,29.08,30731,28.7,29.0899,28.65,29.08,0.0182072829131652,29.408499999999997,29.342982000000003
17/05/2021,28.88,32076,28.99,29.15,28.76,28.88,-0.00687757909215958,29.3805,29.314982
18/05/2021,28.76,17932,28.87,29.11,28.76,28.76,-0.0041551246537395725,29.3765,29.294582000000002
19/05/2021,28.42,25295,28.39,28.5167,28.16,28.42,-0.01182197496522952,29.32,29.232181999999998
20/05/2021,29.04,36306,28.62,29.059,28.62,29.04,0.02181562280084437,29.301500000000004,29.188581999999997
21/05/2021,29.03,15538,29.08,29.27,29.0149,29.03,-0.0003443526170797684,29.2635,29.234181999999997
24/05/2021,29.36,31116,29.17,29.5,29.16,29.36,0.011367550809507243,29.232999999999997,29.208182
25/05/2021,29.26,21959,29.32,29.5,29.151,29.26,-0.0034059945504086864,29.192500000000003,29.197782000000004
26/05/2021,29.3,31171,29.18,29.423,29.14,29.3,0.0013670539986330166,29.171999999999997,29.178181999999996
27/05/2021,29.97,36199,29.43,30.0,29.43,29.97,0.02286689419795218,29.162,29.193582000000003
28/05/2021,30.18,31011,30.18,30.44,30.05,30.18,0.00700700700700696,29.186,29.210981999999998
01/06/2021,25.7899,29709,25.61,26.0,25.555,25.7899,-0.14546388336646787,29.205995,29.1388
04/06/2021,29.14,90498,29.33,29.3457,29.05,29.14,0.12989968941329755,29.149495,29.1498
05/06/2021,29.5,53204,29.23,29.5,29.0201,29.5,0.012354152367879179,29.219995,29.1798
07/06/2021,30.99,25368,31.21,31.2252,30.69,30.99,0.05050847457627117,29.302995000000003,29.2322
08/06/2021,30.12,17756,30.06,30.17,30.04,30.12,-0.028073572120038692,29.351995000000006,29.262000000000004
10/06/2021,30.31,29775,29.99,30.35,29.8,30.31,0.006308100929614868,29.366494999999997,29.302799999999998
12/06/2021,27.15,20560,26.74,27.245,26.72,27.15,-0.10425602111514354,29.206495,29.279
14/06/2021,30.61,22073,30.65,30.6999,30.53,30.61,0.12744014732965003,29.172494999999998,29.320598
15/06/2021,30.47,25217,30.68,30.68,30.36,30.47,-0.004573668735707304,29.267995000000003,29.427798
16/06/2021,30.5,16905,30.52,30.605,30.19,30.5,0.0009845749917951618,29.338995,29.445598
17/06/2021,30.32,164205,30.49,30.5,30.16,30.32,-0.005901639344262244,29.410994999999996,29.490598
18/06/2021,29.87,41414,30.11,30.145,29.75,29.87,-0.014841688654353535,29.466495,29.503998000000003
21/06/2021,30.02,39386,29.83,30.11,29.69,30.02,0.005021760964178057,29.546495000000004,29.495398
22/06/2021,31.02,55944,30.0,31.02,30.0,31.02,0.033311125916055895,29.645495,29.519598000000002
23/06/2021,30.92,61312,31.06,31.1124,30.8077,30.92,-0.003223726627981871,29.739995,29.534798000000002
24/06/2021,30.95,32799,31.17,31.17,30.7728,30.95,0.0009702457956015653,29.819495,29.531598
25/06/2021,31.98,105664,31.15,32.08,31.15,31.98,0.033279483037156776,29.955495000000003,29.579397999999998
28/06/2021,31.7,66742,32.12,32.1459,31.5311,31.7,-0.008755472170106304,30.075495,29.620398
29/06/2021,31.05,56223,31.38,31.64,31.0001,31.05,-0.02050473186119872,30.129495000000002,29.651398
30/06/2021,31.09,31668,31.05,31.3805,30.9401,31.09,0.0012882447665056862,30.174995000000003,29.677398000000004
01/07/2021,26.3399,34201,25.89,26.35,25.89,26.3399,-0.1527854615632036,30.202495,29.615396
04/07/2021,28.93,26489,29.18,29.25,28.88,28.93,0.09833370665795993,30.191995,29.617196000000003
05/07/2021,29.89,33688,29.64,30.0,29.64,29.89,0.033183546491531324,30.211494999999996,29.623995999999998
06/07/2021,30.75,51380,30.65,30.77,30.64,30.75,0.02877216460354637,30.199494999999995,29.650796
07/07/2021,30.65,43913,31.03,31.25,30.385,30.65,-0.003252032520325243,30.225995,29.667996000000002
09/07/2021,31.4,30553,31.57,31.76,31.3801,31.4,0.02446982055464919,30.280495000000002,29.696596
10/07/2021,30.72,46528,30.58,30.89,30.58,30.72,-0.021656050955414008,30.458994999999998,29.709595999999998
12/07/2021,27.54,37129,27.55,27.709,27.51,27.54,-0.103515625,30.305495,29.666196
13/07/2021,30.35,27202,30.7,30.7,30.26,30.35,0.10203340595497457,30.299495,29.669796
14/07/2021,29.68,66153,30.41,30.49,29.68,29.68,-0.022075782537067545,30.258495,29.669395999999995
15/07/2021,29.09,74031,29.43,29.5522,28.961,29.09,-0.01987870619946086,30.196995000000005,29.743396000000004
16/07/2021,29.07,51158,29.51,29.73,29.0,29.07,-0.0006875214850463607,30.156995000000002,29.719395999999996
19/07/2021,28.52,57063,28.52,28.6489,28.21,28.52,-0.01891984864121088,30.081994999999996,29.727995999999997
20/07/2021,29.43,40566,28.72,29.4681,28.7,29.43,0.03190743338008417,30.002495,29.729996
21/07/2021,30.05,63886,29.56,30.07,29.56,30.05,0.021066938498131238,29.958994999999998,29.748195999999997
22/07/2021,29.7,35462,30.01,30.01,29.5001,29.7,-0.011647254575707255,29.896494999999998,29.741796
23/07/2021,29.7,33720,29.8,30.06,29.55,29.7,0.0,29.782494999999994,29.728796000000003
26/07/2021,29.8,27667,29.47,30.0,29.47,29.8,0.0033670033670034627,29.687495000000002,29.698996
27/07/2021,29.68,25459,29.73,29.7477,29.475,29.68,-0.004026845637583931,29.618994999999995,29.721396
28/07/2021,30.0,23026,29.86,30.08,29.64,30.0,0.010781671159029615,29.564495,29.739796000000002
29/07/2021,29.91,27013,30.12,30.2,29.91,29.91,-0.0030000000000000027,29.743000000000002,29.760396
30/07/2021,29.68,17466,29.76,30.07,29.65,29.68,-0.0076897358742895605,29.7805,29.778795999999996
01/08/2021,26.035,32428,26.52,26.52,25.7801,26.035,-0.12280997304582209,29.58775,29.731096
02/08/2021,31.32,386055,30.81,31.32,30.6,31.32,0.20299596696754363,29.61625,29.776696
03/08/2021,28.39,101530,28.08,28.7411,28.05,28.39,-0.09355044699872284,29.503249999999998,29.763896000000003
04/08/2021,29.99,101386,29.46,29.99,29.46,29.99,0.05635787249031332,29.43275,29.776495999999998
06/08/2021,31.0,39755,30.85,31.05,30.745,31.0,0.03367789263087695,29.44675,29.811296
07/08/2021,30.48,34267,29.97,30.5799,29.68,30.48,-0.01677419354838705,29.59375,29.834896
09/08/2021,31.63,46134,31.0,31.7,30.98,31.63,0.03772965879265078,29.65775,29.868096
10/08/2021,30.465,19158,30.75,30.879,30.465,30.465,-0.0368321214037306,29.697000000000003,29.873796
11/08/2021,30.77,28616,31.27,31.27,30.77,30.77,0.010011488593467899,29.781,29.973397999999996
12/08/2021,28.04,20196,27.64,28.07,27.63,28.04,-0.0887227819304518,29.7295,29.951397999999998
13/08/2021,29.835,20317,30.17,30.1722,29.835,29.835,0.06401569186875888,29.795250000000003,29.958098
16/08/2021,29.76,20023,29.73,29.95,29.52,29.76,-0.002513826043237799,29.81175,29.933498
17/08/2021,29.31,20945,29.54,29.58,29.15,29.31,-0.01512096774193561,29.77475,29.917298000000002
18/08/2021,29.2,23086,29.15,29.6,29.05,29.2,-0.003752985329239178,29.74975,29.895097999999997
19/08/2021,28.78,41684,28.99,29.08,28.71,28.78,-0.014383561643835585,29.703750000000003,29.927698
20/08/2021,29.22,18944,28.76,29.28,28.76,29.22,0.015288394718554477,29.67475,29.899897999999997
23/08/2021,29.77,16515,29.45,29.795,29.45,29.77,0.0188227241615333,29.679250000000003,29.885897999999997
24/08/2021,29.9,19568,29.78,29.96,29.5501,29.9,0.004366812227074135,29.67425,29.873898
25/08/2021,29.92,18486,29.92,30.11,29.8,29.92,0.0006688963210703669,29.67475,29.865898
26/08/2021,29.73,9587,29.92,30.02,29.6901,29.73,-0.006350267379679142,29.677249999999997,29.863098
27/08/2021,30.31,53700,29.9,30.36,29.7501,30.31,0.019508913555331242,29.891000000000002,29.868897999999998
30/08/2021,31.4,58602,31.01,31.5,30.941,31.4,0.03596172880237547,29.895,29.876498
31/08/2021,31.1,39433,31.0,31.31,31.0,31.1,-0.009554140127388422,30.0305,29.880097999999997
02/09/2021,31.66,243837,31.47,31.7891,31.0,31.66,0.01800643086816711,30.113999999999997,29.894298000000003
03/09/2021,29.0,57018,28.51,29.29,28.51,29.0,-0.08401768793430198,30.014,29.834698000000003
04/09/2021,30.07,69558,30.07,30.08,29.858,30.07,0.03689655172413797,29.9935,29.802098
06/09/2021,30.5,21280,31.08,31.0876,30.5,30.5,0.01429996674426337,29.937,29.791098
07/09/2021,31.04,60678,30.83,31.08,30.7101,31.04,0.017704918032786843,29.965750000000003,29.790097999999997
08/09/2021,30.21,19682,30.08,30.39,29.99,30.21,-0.02673969072164939,29.93775,29.8675
09/09/2021,31.63,20269,31.75,31.9,31.48,31.63,0.04700430321085736,30.117250000000002,29.921499999999995
11/09/2021,30.95,70317,30.79,31.03,30.64,30.95,-0.021498577300031574,30.172999999999995,29.9427
12/09/2021,27.62,19312,27.85,27.96,27.6001,27.62,-0.10759289176090459,30.065999999999995,29.880100000000002
13/09/2021,31.07,31817,31.2,31.36,30.89,31.07,0.12490948587979722,30.154000000000003,29.8885
14/09/2021,30.09,30251,31.29,31.29,30.051,30.09,-0.031541680077244894,30.198500000000003,29.8623
15/09/2021,30.36,19420,30.15,30.45,30.03,30.36,0.008973080757726848,30.277499999999996,29.855100000000004
16/09/2021,30.28,18791,30.3,30.42,30.07,30.28,-0.0026350461133068936,30.3305,29.909900000000004
17/09/2021,30.39,26043,30.31,30.49,30.13,30.39,0.003632760898282683,30.3615,29.9107
20/09/2021,29.84,34226,29.82,30.13,29.615,29.84,-0.018098058571898723,30.358500000000003,29.9139
21/09/2021,30.015,34667,30.19,30.23,29.83,30.015,0.005864611260053554,30.36325,29.932399999999998
22/09/2021,30.39,24861,30.13,30.49,30.13,30.39,0.012493753123438367,30.396250000000002,29.9588
23/09/2021,30.592,14724,30.41,30.79,30.26,30.592,0.006646923330042798,30.41035,30.000239999999998
24/09/2021,30.52,18819,30.5,30.6623,30.48,30.52,-0.0023535564853556235,30.36635,30.02204
27/09/2021,30.675,12711,30.53,30.875,30.53,30.675,0.005078636959370941,30.345099999999995,30.034540000000003
28/09/2021,30.07,20161,30.48,30.6349,30.07,30.07,-0.01972290138549304,30.2656,30.04194
29/09/2021,30.26,153232,30.23,30.31,30.1007,30.26,0.006318589956767484,30.3286,30.05314
30/09/2021,30.37,43645,30.49,30.71,30.35,30.37,0.0036351619299404003,30.3436,30.06454
02/10/2021,31.56,374710,32.11,32.4,31.14,31.56,0.03918340467566672,30.3966,30.10214
03/10/2021,29.56,65374,29.29,29.8113,29.29,29.56,-0.0633713561470215,30.3226,30.093339999999998
05/10/2021,29.3887,89199,29.95,29.95,29.3606,29.3887,-0.005794993234100043,30.281534999999998,30.082914000000002
06/10/2021,30.5,18777,30.57,30.6658,30.43,30.5,0.03781385362401202,30.225035,30.099314
08/10/2021,30.36,30724,30.25,30.36,30.14,30.36,-0.004590163934426239,30.195535,30.185814
09/10/2021,31.3,15238,31.6,31.78,31.3,31.3,0.030961791831357166,30.379535000000004,30.185414
11/10/2021,30.48,55964,30.82,31.0,30.47,30.48,-0.026198083067092703,30.350035,30.227214000000004
12/10/2021,27.61,16727,27.75,27.78,27.4507,27.61,-0.09416010498687666,30.226034999999996,30.179614
13/10/2021,30.55,27007,30.45,30.59,30.325,30.55,0.10648315827598709,30.235535000000006,30.170614
14/10/2021,30.7,135087,30.66,30.869,30.66,30.7,0.004909983633387904,30.256534999999996,30.175014
15/10/2021,30.57,29237,30.68,30.8296,30.5,30.57,-0.004234527687296374,30.265535,30.153813999999997
18/10/2021,30.38,28414,30.29,30.47,30.25,30.38,-0.006215243702976769,30.292534999999997,30.152114
19/10/2021,30.65,22005,30.46,30.65,30.42,30.65,0.008887425938117088,30.324284999999996,30.149714000000003
20/10/2021,30.89,36198,30.65,31.1,30.6,30.89,0.007830342577487936,30.349285,30.206714
21/10/2021,31.02,28131,30.9,31.14,30.89,31.02,0.00420848170929089,30.370684999999998,30.230414
22/10/2021,30.85,32954,30.93,30.93,30.593,30.85,-0.005480335267569303,30.387185,30.252214000000002
25/10/2021,30.79,30121,30.76,30.95,30.69,30.79,-0.001944894651539797,30.392935,30.281814
26/10/2021,30.39,45940,30.85,30.85,30.33,30.39,-0.01299123091912957,30.408935000000003,30.305614000000002
27/10/2021,29.98,185845,30.36,30.47,29.98,29.98,-0.013491280026324493,30.394934999999997,30.329613999999996
28/10/2021,30.17,69791,29.95,30.21,29.84,30.17,0.006337558372248253,30.384935000000002,30.348614
29/10/2021,30.1,30034,30.02,30.11,29.995,30.1,-0.002320185614849146,30.311935,30.355214
01/11/2021,25.925,37489,26.0,26.0,25.718,25.925,-0.13870431893687707,30.130185,30.275714000000004
02/11/2021,31.5,285607,31.74,31.74,30.651,31.5,0.21504339440694298,30.235750000000003,30.307314
03/11/2021,30.32,58079,29.8,30.41,29.8,30.32,-0.037460317460317416,30.226750000000003,30.319114
05/11/2021,29.16,42112,28.9,29.27,28.65,29.16,-0.03825857519788922,30.16675,30.296114
06/11/2021,30.595,11904,30.51,30.6923,30.47,30.595,0.04921124828532242,30.1315,30.280013999999998
08/11/2021,30.26,40230,30.37,30.39,30.068,30.26,-0.010949501552541152,30.120500000000003,30.263213999999998
10/11/2021,30.23,34926,30.36,30.6,30.23,30.23,-0.000991407799074695,30.251500000000004,30.234613999999997
11/11/2021,30.62,17275,30.56,30.678,30.46,30.62,0.012901091630830308,30.255000000000003,30.267014
15/11/2021,30.62,38265,30.66,30.8,30.54,30.62,0.0,30.250999999999998,30.278014
16/11/2021,30.02,26130,30.34,30.34,30.02,30.02,-0.019595035924232618,30.2235,30.268413999999996
17/11/2021,30.05,35841,29.97,30.13,29.87,30.05,0.0009993337774816258,30.207,30.248614000000003
18/11/2021,29.54,25118,30.21,30.21,29.46,29.54,-0.016971713810316147,30.1515,30.235214
19/11/2021,29.1,40811,29.36,29.52,29.06,29.1,-0.014895057549085933,30.062,30.184614
22/11/2021,28.74,31066,29.16,29.2088,28.74,28.74,-0.012371134020618624,29.948,30.140414
23/11/2021,28.65,32230,28.8,28.87,28.51,28.65,-0.0031315240083507057,29.838,30.161014
24/11/2021,28.7,22170,28.45,28.79,28.3,28.7,0.0017452006980802626,29.733500000000003,30.113614
26/11/2021,27.96,31756,27.98,28.14,27.73,27.96,-0.025783972125435484,29.612000000000002,30.071014
29/11/2021,27.89,53036,28.19,28.2,27.63,27.89,-0.002503576537911334,29.507500000000004,30.021614
30/11/2021,27.2,74943,27.68,27.788,27.0,27.2,-0.024740050197203378,29.358999999999998,29.960014
01/12/2021,26.25,22190,25.89,26.25,25.89,26.25,-0.03492647058823528,29.166499999999996,29.877214000000002
02/12/2021,31.98,166290,31.47,32.25,31.2203,31.98,0.2182857142857142,29.46925,29.920014000000002
03/12/2021,30.52,75358,30.14,30.5796,30.0,30.52,-0.0456535334584115,29.42025,29.930114000000003
04/12/2021,29.55,51491,30.07,30.07,29.51,29.55,-0.03178243774574041,29.38175,29.913314
05/12/2021,28.41,31299,28.84,29.02,28.41,28.41,-0.03857868020304567,29.34425,29.869674
07/12/2021,30.75,77628,31.25,31.38,30.64,30.75,0.08236536430834218,29.351999999999997,29.874273999999996
08/12/2021,30.15,22997,30.23,30.3,30.1,30.15,-0.019512195121951237,29.3465,29.863774
10/12/2021,30.46,12597,30.32,30.5,30.25,30.46,0.010281923714759555,29.357999999999997,29.871574
11/12/2021,30.64,15506,30.69,30.6952,30.5417,30.64,0.005909389363099038,29.358999999999998,29.879174
13/12/2021,27.2,19011,27.55,27.55,27.085,27.2,-0.1122715404699739,29.188,29.815773999999998
14/12/2021,27.04,21742,26.93,27.319,26.91,27.04,-0.00588235294117645,29.038999999999998,29.725374
15/12/2021,27.25,47291,27.0,27.38,26.54,27.25,0.0077662721893492215,28.899,29.679174
16/12/2021,26.91,17336,27.36,27.49,26.83,26.91,-0.012477064220183465,28.767500000000002,29.6296
17/12/2021,27.2,31823,26.8,27.24,26.59,27.2,0.010776662950575888,28.672500000000003,29.5636
20/12/2021,26.43,28734,26.79,26.79,26.2,26.43,-0.028308823529411775,28.557,29.485
21/12/2021,27.35,32357,26.63,27.44,26.63,27.35,0.03480892924706769,28.492,29.406
22/12/2021,27.62,30934,27.27,27.75,27.27,27.62,0.009872029250457048,28.438,29.348799999999997
23/12/2021,27.82,22064,27.72,27.8899,27.59,27.82,0.007241129616220032,28.431,29.353
27/12/2021,27.6,20591,27.76,27.76,27.4301,27.6,-0.00790797987059666,28.416499999999996,29.294
28/12/2021,27.43,19153,27.6,27.72,27.385,27.43,-0.006159420289855166,28.428000000000004,29.2286
29/12/2021,27.0697,37221,27.43,27.5,27.01,27.0697,-0.013135253372220101,28.468985000000004,29.158594000000004
30/12/2021,27.21,17126,27.13,27.4,27.09,27.21,0.005182916692833661,28.230484999999998,29.095194000000003
31/12/2021,27.06,15559,27.14,27.34,27.0101,27.06,-0.0055126791620728754,28.057485000000003,29.023394
02/01/2022,24.88,11806,24.56,24.88,24.4,24.88,-0.08056171470805618,27.823985,28.903194
03/01/2022,24.74,10654,24.89,25.0871,24.53,24.74,-0.00562700964630225,27.640485,28.777594
04/01/2022,25.9323,10172,25.96,26.049,25.595,25.9323,0.04819320937752636,27.3996,28.67924
06/01/2022,22.47,5893,22.87,22.87,22.39,22.47,-0.13351303201027298,27.0156,28.51284
07/01/2022,20.16,6035,20.12,20.27,19.8681,20.16,-0.10280373831775691,26.5006,28.30824
08/01/2022,21.16,8443,20.98,21.1923,20.96,21.16,0.04960317460317465,26.026600000000002,28.13184
09/01/2022,20.7,7779,20.86,20.86,20.43,20.7,-0.021739130434782594,25.701600000000003,27.94244
11/01/2022,20.59,3692,20.01,20.78,20.01,20.59,-0.005314009661835706,25.3791,27.75224
12/01/2022,20.51,4647,20.51,20.586,20.31,20.51,-0.0038853812530353915,25.042099999999998,27.643939999999997
13/01/2022,25.86,24012,26.43,26.43,25.8515,25.86,0.2608483666504142,24.989600000000003,27.531139999999997
14/01/2022,26.0,32687,25.72,26.09,25.615,26.0,0.005413766434648082,24.9296,27.444739999999996
18/01/2022,25.41,40609,25.92,25.92,25.41,25.41,-0.02269230769230768,24.8786,27.36974
19/01/2022,25.22,25538,25.53,25.61,25.18,25.22,-0.00747737111373481,24.772100000000002,27.262240000000002
20/01/2022,25.21,26508,25.17,25.8,25.135,25.21,-0.0003965107057889439,24.6516,27.161240000000003
21/01/2022,24.52,42739,25.05,25.14,24.52,24.52,-0.02737009123363754,24.486600000000003,27.047040000000003
24/01/2022,24.45,67162,24.01,24.5,23.32,24.45,-0.0028548123980424167,24.3291,26.92364
25/01/2022,24.31,30721,24.12,24.5099,23.782,24.31,-0.00572597137014319,24.173099999999998,26.79744
26/01/2022,24.03,42146,24.65,24.87,23.85,24.03,-0.011517893870834905,24.021115,26.67764
27/01/2022,23.64,31401,24.15,24.409,23.51,23.64,-0.01622971285892638,23.842615,26.54944
28/01/2022,23.86,40557,23.49,23.91,23.1831,23.86,0.009306260575296044,23.682615,26.43584
31/01/2022,24.49,15576,23.83,24.49,23.83,24.49,0.026404023470242954,23.663114999999998,26.34364
02/02/2022,24.59,12223,24.95,24.95,24.46,24.59,0.004083299305839283,23.655614999999997,26.26064
03/02/2022,25.07,9114,24.86,25.2,24.8,25.07,0.019520130134200953,23.6125,26.18904
05/02/2022,22.9,14268,22.68,23.0,22.45,22.9,-0.08655763861188681,23.634,26.073040000000002
06/02/2022,22.98,8788,22.51,22.98,22.51,22.98,0.003493449781659441,23.775,25.97344
08/02/2022,21.39,4335,21.33,21.6383,21.33,21.39,-0.06919060052219317,23.7865,25.84344
09/02/2022,20.39,7505,20.94,20.94,20.39,20.39,-0.046750818139317474,23.771,25.70724
11/02/2022,19.96,6948,20.44,20.72,19.96,19.96,-0.02108876900441392,23.7395,25.581439999999997
12/02/2022,20.34,3057,20.15,20.5,20.15,20.34,0.019038076152304573,23.731,25.348639999999996
14/02/2022,24.13,19105,24.29,24.45,24.0,24.13,0.18633235004916426,23.6445,25.22084
15/02/2022,24.96,12833,24.48,25.03,24.48,24.96,0.03439701616245339,23.592499999999998,25.12904
16/02/2022,25.0,14520,24.8,25.0599,24.72,25.0,0.0016025641025640969,23.572,25.060840000000002
17/02/2022,24.18,17759,24.64,24.85,24.1,24.18,-0.03280000000000005,23.52,24.929440000000003
18/02/2022,24.01,10946,24.21,24.32,23.9,24.01,-0.007030603804797253,23.46,24.80664
22/02/2022,23.63,17916,23.8,23.99,23.47,23.63,-0.01582673885880892,23.415499999999998,24.67004
23/02/2022,23.16,10984,23.92,23.98,23.1507,23.16,-0.019889970376639865,23.351,24.520440000000004
24/02/2022,23.86,31817,22.52,23.9,22.3,23.86,0.030224525043177852,23.3285,24.45364
25/02/2022,24.49,39412,24.0,24.55,23.845,24.49,0.026404023470242954,23.3515,24.40264
28/02/2022,24.97,13118,24.29,25.19,24.29,24.97,0.019599836668027892,23.418,24.35704
01/03/2022,27.22,46837,27.17,27.46,27.03,27.22,0.09010812975570692,23.586000000000002,24.36324
02/03/2022,24.21,20314,24.43,24.5,24.21,24.21,-0.1105804555473916,23.572,24.303440000000002
03/03/2022,24.63,13349,24.99,25.0,24.54,24.63,0.017348203221809078,23.574,24.267439999999997
05/03/2022,23.18,9344,22.87,23.22,22.87,23.18,-0.058871295168493654,23.479499999999998,24.18404
06/03/2022,22.66,9232,22.74,22.97,22.62,22.66,-0.022433132010353685,23.4675,24.084840000000003
08/03/2022,21.94,10176,21.52,21.97,21.5,21.94,-0.031774051191526875,23.4155,23.967239999999997
10/03/2022,18.52,15715,17.94,18.61,17.93,18.52,-0.15587967183226992,23.272,23.785639999999997
11/03/2022,19.77,6184,19.63,19.974,19.54,19.77,0.06749460043196542,23.241,23.632440000000003
14/03/2022,23.84,11632,24.28,24.308,23.762,23.84,0.2058674759736976,23.435000000000002,23.567846
15/03/2022,24.23,7631,24.02,24.23,23.97,24.23,0.016359060402684644,23.6295,23.508246
16/03/2022,24.77,14990,24.35,24.77,24.22,24.77,0.02228642179116802,23.6615,23.462446
17/03/2022,25.27,11952,24.64,25.34,24.64,25.27,0.020185708518368983,23.677,23.470246000000003
18/03/2022,25.75,12000,25.17,25.75,25.17,25.75,0.018994855559952617,23.7145,23.490446000000002
21/03/2022,25.46,36156,25.67,25.75,25.3801,25.46,-0.011262135922330052,23.7785,23.480999999999998
22/03/2022,25.86,17907,25.46,26.0,25.46,25.86,0.01571091908876654,23.871000000000002,23.548799999999996
23/03/2022,25.61,10104,25.71,25.9499,25.61,25.61,-0.00966744006187159,23.97,23.6578
24/03/2022,25.79,4412,25.7,25.81,25.46,25.79,0.007028504490433463,24.101499999999998,23.7504
25/03/2022,25.882,28273,25.79,26.15,25.671,25.882,0.003567274137262544,24.202599999999997,23.85404
28/03/2022,25.77,19851,25.88,25.9492,25.551,25.77,-0.004327331736341922,24.2666,23.95764
29/03/2022,26.18,14324,25.82,26.3199,25.8,26.18,0.015909972836631647,24.3271,24.071039999999996
30/03/2022,26.09,6475,26.07,26.4,26.0201,26.09,-0.003437738731856377,24.270599999999998,24.075640000000003
31/03/2022,25.7,8719,26.13,26.23,25.7,25.7,-0.014948256036795726,24.3451,24.069640000000003
01/04/2022,27.06,22037,27.26,27.2612,26.89,27.06,0.052918287937743225,24.4666,24.10264
02/04/2022,24.27,30108,24.21,24.44,23.951,24.27,-0.10310421286031035,24.521099999999997,24.08364
03/04/2022,24.17,8329,24.39,24.44,24.09,24.17,-0.004120313143798793,24.5966,24.06284
04/04/2022,26.18,7956,25.98,26.2399,25.96,26.18,0.08316094331816282,24.8086,24.09604
05/04/2022,23.67,6097,23.19,23.78,22.8562,23.67,-0.09587471352177224,25.0661,24.08044
08/04/2022,21.93,7784,21.86,22.02,21.82,21.93,-0.0735107731305451,25.174100000000003,24.03284
10/04/2022,19.29,8378,18.92,19.29,18.92,19.29,-0.12038303693570451,24.946599999999997,23.93804
11/04/2022,20.0,5550,19.57,20.0,19.565,20.0,0.03680663556246766,24.7351,23.86524
13/04/2022,25.34,5986,24.97,25.34,24.97,25.34,0.2669999999999999,24.7636,23.89484
14/04/2022,25.22,10441,25.38,25.38,25.1801,25.22,-0.0047355958958169575,24.7611,23.90944
18/04/2022,24.58,12436,24.93,24.9799,24.52,24.58,-0.025376685170499624,24.7026,23.90924
19/04/2022,25.12,13776,24.46,25.18,24.46,25.12,0.021969080553295495,24.6856,23.910239999999998
20/04/2022,24.83,14263,25.25,25.25,24.8001,24.83,-0.011544585987261269,24.6341,23.94884
21/04/2022,24.05,8764,25.12,25.12,23.97,24.05,-0.03141361256544495,24.556099999999997,23.97024
22/04/2022,23.69,18456,24.03,24.25,23.6201,23.69,-0.01496881496881497,24.451100000000004,24.016239999999996
25/04/2022,23.91,13227,23.52,23.91,23.4,23.91,0.009286618826509052,24.3525,24.086640000000003
26/04/2022,23.21,6115,23.82,23.82,23.21,23.21,-0.029276453366792077,24.2245,24.15164
27/04/2022,23.02,20587,23.2,23.2355,22.95,23.02,-0.008186126669538996,24.066499999999998,24.205240000000003
28/04/2022,23.34,12481,23.08,23.47,22.67,23.34,0.013900955690703709,23.929,24.18944
29/04/2022,22.68,6467,23.3,23.3,22.68,22.68,-0.028277634961439646,23.778,24.14384
01/05/2022,26.23,27408,27.11,27.22,26.23,26.23,0.15652557319223992,23.7365,24.16844
04/05/2022,25.62,13719,26.15,26.15,25.62,25.62,-0.023255813953488302,23.804000000000002,24.197239999999997
05/05/2022,22.84,35817,23.47,23.47,22.67,22.84,-0.10850897736143639,23.7375,24.17384
07/05/2022,20.02,12872,19.74,20.02,19.37,20.02,-0.12346760070052543,23.4295,24.101640000000003
08/05/2022,21.67,13209,21.5,21.75,21.44,21.67,0.08241758241758257,23.3295,24.071839999999998
10/05/2022,19.17,3144,19.02,19.25,18.87,19.17,-0.11536686663590212,23.191499999999998,23.97804
12/05/2022,19.98,4779,20.36,20.36,19.98,19.98,0.04225352112676051,23.226000000000003,23.88784
13/05/2022,21.57,7117,20.99,21.69,20.99,21.57,0.0795795795795795,23.3045,23.81984
16/05/2022,21.44,7193,21.57,21.81,21.38,21.44,-0.006026889197960128,23.1095,23.70424
17/05/2022,22.06,11712,21.71,22.09,21.53,22.06,0.02891791044776104,22.951500000000003,23.66124
18/05/2022,21.47,7795,21.86,22.065,21.386,21.47,-0.026745240253853164,22.796,23.59804
19/05/2022,21.61,7695,21.29,21.8142,21.29,21.61,0.00652072659524916,22.6205,23.566640000000003
20/05/2022,21.5,24890,21.82,21.82,21.172,21.5,-0.00509023600185099,22.454,23.54344
23/05/2022,21.71,5314,21.74,21.7715,21.45,21.71,0.009767441860465187,22.336999999999996,23.53884
24/05/2022,21.33,10036,21.49,21.49,21.08,21.33,-0.01750345462920322,22.219,23.595040000000004
25/05/2022,22.03,44961,21.32,22.12,21.32,22.03,0.03281762775433683,22.125,23.64024
26/05/2022,22.19,9544,22.03,22.435,21.89,22.19,0.0072628234226055355,22.073999999999998,23.60724
27/05/2022,22.84,4874,22.32,22.876,22.32,22.84,0.029292474087426745,22.065,23.579439999999998
31/05/2022,22.81,11348,22.87,22.94,22.59,22.81,-0.0013134851138354442,22.038500000000003,23.540239999999997
01/06/2022,26.22,79218,26.32,26.47,25.84,26.22,0.14949583516001752,22.2155,23.55924
04/06/2022,25.27,13680,25.42,25.42,25.04,25.27,-0.03623188405797095,22.167499999999997,23.54964
05/06/2022,22.2,13484,22.68,22.68,22.06,22.2,-0.1214879303521963,21.9965,23.48444
06/06/2022,22.63,7116,22.96,22.96,22.6,22.63,0.019369369369369283,21.986,23.41984
07/06/2022,19.95,9634,19.99,20.134,19.8,19.95,-0.11842686699072025,21.9825,23.306639999999998
09/06/2022,20.48,5135,20.46,20.58,20.4301,20.48,0.026566416040100238,21.923000000000002,23.20044
10/06/2022,19.0967,3232,19.26,19.26,19.005,19.0967,-0.06754394531250008,21.919335,23.064733999999998
12/06/2022,19.59,7692,19.84,19.8612,19.51,19.59,0.02583168819743742,21.899835,22.941133999999998
13/06/2022,20.11,72047,20.41,20.54,20.06,20.11,0.02654415518121489,21.826835,22.819734000000004
14/06/2022,20.1,21913,20.25,20.25,19.93,20.1,-0.0004972650422674363,21.759835,22.699934
15/06/2022,20.47,15084,20.29,20.57,20.14,20.47,0.018407960199004814,21.680335,22.595333999999998
16/06/2022,19.68,9608,20.11,20.11,19.63,19.68,-0.03859306301905219,21.590835000000002,22.447734
17/06/2022,20.21,12018,19.74,20.25,19.74,20.21,0.026930894308943243,21.520834999999998,22.366534
21/06/2022,20.36,14391,20.35,20.67,20.31,20.36,0.00742206828302816,21.463835,22.290333999999998
22/06/2022,20.28,5866,20.1,20.5175,20.1,20.28,-0.003929273084479323,21.392335,22.172334
23/06/2022,20.52,7127,20.34,20.5471,20.2101,20.52,0.011834319526627057,21.351835,22.109334
24/06/2022,20.86,28134,20.7,20.965,20.7,20.86,0.016569200779727122,21.293335,22.087934
27/06/2022,20.74,4418,20.88,20.9,20.71,20.74,-0.0057526366251199335,21.220835,22.116934
28/06/2022,20.16,5302,20.71,20.71,20.16,20.16,-0.027965284474445462,21.086835,22.120133999999997
29/06/2022,19.95,11014,20.2,20.2,19.71,19.95,-0.01041666666666674,20.943835,22.012334
30/06/2022,19.94,37915,19.73,20.12,19.54,19.94,-0.0005012531328320025,20.629835,21.906734
01/07/2022,26.46,69432,26.31,26.71,26.31,26.46,0.32698094282848533,20.689335,21.944334000000005
02/07/2022,24.3,16998,24.4,24.5099,24.2506,24.3,-0.08163265306122447,20.794334999999997,21.927934
03/07/2022,23.93,49197,24.17,24.31,23.93,23.93,-0.015226337448559724,20.859334999999998,21.909934000000003
04/07/2022,25.14,5358,25.3,25.3,24.8,25.14,0.05056414542415388,21.118834999999997,21.931734000000002
06/07/2022,22.67,13515,22.3,22.71,22.3,22.67,-0.09824980111376291,21.228334999999998,21.911334
07/07/2022,20.5,3806,20.15,20.5401,20.15,20.5,-0.09572121746801943,21.298499999999997,21.843134
09/07/2022,20.72,279328,20.53,21.3557,20.36,20.72,0.01073170731707318,21.355,21.793334
10/07/2022,18.55,11066,18.86,18.86,18.55,18.55,-0.1047297297297296,21.276999999999997,21.703934
11/07/2022,20.37,9658,20.12,20.376,19.9481,20.37,0.09811320754716979,21.2905,21.644534
12/07/2022,19.4003,5457,19.49,19.5413,19.36,19.4003,-0.04760432007854687,21.237015,21.57894
13/07/2022,19.9,4685,19.64,19.98,19.64,19.9,0.025757333649479408,21.248015,21.45234
14/07/2022,19.71,7165,19.6,19.76,19.49,19.71,-0.009547738693467256,21.223015,21.33414
15/07/2022,20.11,6790,20.0,20.11,19.88,20.11,0.020294266869609334,21.210515,21.279539999999997
18/07/2022,20.06,4499,20.34,20.47,20.06,20.06,-0.0024863252113376255,21.199515,21.280339999999995
19/07/2022,20.74,2529,20.3,20.74,20.16,20.74,0.03389830508474567,21.210514999999997,21.26174
20/07/2022,21.01,8915,20.75,21.025,20.75,21.01,0.013018322082931633,21.218015,21.29854
21/07/2022,21.13,4819,20.96,21.13,20.81,21.13,0.0057115659209898695,21.237515000000002,21.32154
22/07/2022,20.65,1984,21.15,21.15,20.62,20.65,-0.022716516800757258,21.262014999999998,21.303140000000003
25/07/2022,20.51,5676,20.56,20.58,20.48,20.51,-0.006779661016949046,21.290015,21.284540000000003
26/07/2022,20.24,1876,20.3,20.35,20.24,20.24,-0.013164310092637854,21.305015,21.248140000000003
27/07/2022,20.59,3322,20.38,20.6763,20.34,20.59,0.017292490118577142,21.011515,21.23054
28/07/2022,20.88,3209,20.56,20.88,20.56,20.88,0.014084507042253502,20.840515,21.215939999999996
29/07/2022,21.05,5288,20.89,21.065,20.85,21.05,0.008141762452107404,20.696514999999998,21.20694
02/08/2022,24.76,10491,24.37,24.76,24.3,24.76,0.17624703087885996,20.677515,21.267940000000003
03/08/2022,24.25,11224,24.07,24.735,24.07,24.25,-0.02059773828756062,20.756515,21.326340000000002
04/08/2022,24.91,2823,25.02,25.1,24.84,24.91,0.027216494845360817,20.977015,21.38394
06/08/2022,22.33,17460,22.58,22.75,22.33,22.33,-0.10357286230429552,21.057515,21.38674
07/08/2022,20.51,4336,20.4,20.61,20.32,20.51,-0.08150470219435724,21.155515,21.34014
08/08/2022,21.75,5750,21.83,22.1012,21.75,21.75,0.06045831301803983,21.224515000000004,21.31894
09/08/2022,20.45,8355,20.58,20.68,20.44,20.45,-0.05977011494252882,21.277,21.203539999999997
11/08/2022,20.43,6013,20.44,20.685,20.2,20.43,-0.0009779951100243878,21.3035,21.10674
12/08/2022,19.46,6970,19.5,19.668,19.25,19.46,-0.047479197258932904,21.291,21.05194
15/08/2022,22.96,5159,22.86,22.9814,22.7702,22.96,0.17985611510791366,21.4335,21.058540000000004
16/08/2022,23.05,8148,22.86,23.1,22.761,23.05,0.003919860627177751,21.583,21.120540000000002
17/08/2022,22.37,4057,22.75,22.75,22.3268,22.37,-0.02950108459869849,21.6645,21.158340000000003
18/08/2022,22.3,8851,22.36,22.36,22.11,22.3,-0.003129190880643784,21.729,21.222406
19/08/2022,21.75,7743,22.03,22.03,21.69,21.75,-0.024663677130044914,21.759999999999998,21.265606000000002
22/08/2022,21.11,7776,21.3,21.4715,21.05,21.11,-0.029425287356321883,21.783,21.285605999999998
23/08/2022,21.17,8072,21.22,21.42,21.17,21.17,0.002842254855518922,21.816,21.307006
24/08/2022,21.49,3158,21.16,21.51,21.12,21.49,0.01511572980632958,21.8785,21.327406
25/08/2022,21.87,6593,21.59,21.87,21.59,21.87,0.01768264308980938,21.942500000000003,21.371205999999997
26/08/2022,21.3,4444,21.88,21.88,21.3,21.3,-0.026063100137174278,21.963500000000003,21.393005999999996
29/08/2022,21.12,45462,21.16,21.36,21.0,21.12,-0.008450704225352101,21.967000000000002,21.408206
30/08/2022,20.96,9826,21.27,21.31,20.8,20.96,-0.007575757575757569,21.777,21.421806
31/08/2022,21.06,3566,21.03,21.23,20.9532,21.06,0.004770992366412097,21.6175,21.432606
02/09/2022,25.19,12072,24.98,25.24,24.79,25.19,0.1961063627730295,21.6315,21.519206
03/09/2022,24.88,12939,24.77,24.94,24.69,24.88,-0.012306470821754734,21.759,21.602005999999996
05/09/2022,21.14,18271,21.9,21.9,21.08,21.14,-0.15032154340836013,21.7905,21.621606
06/09/2022,21.73,6770,22.27,22.27,21.73,21.73,0.027909176915799527,21.7895,21.657206000000002
08/09/2022,21.73,12599,21.7,21.75,21.6,21.73,0.0,21.8535,21.693006
09/09/2022,20.94,113218,20.8,20.95,20.61,20.94,-0.03635526921306942,21.878999999999998,21.582605999999995
11/09/2022,19.8,1553,20.25,20.25,19.8,19.8,-0.054441260744985676,21.896,21.492606000000002
12/09/2022,19.38,4467,19.41,19.5825,19.38,19.38,-0.02121212121212135,21.717000000000002,21.401605999999997
13/09/2022,20.49,32197,20.68,21.0,20.47,20.49,0.05727554179566563,21.589000000000002,21.308606
14/09/2022,20.73,5941,20.53,20.73,20.38,20.73,0.01171303074670571,21.506999999999998,21.269806
15/09/2022,20.31,2635,20.38,20.78,20.31,20.31,-0.02026049204052105,21.4075,21.266005999999997
16/09/2022,20.07,5518,20.1,20.175,19.95,20.07,-0.011816838995568624,21.3235,21.253006
19/09/2022,20.11,5752,19.85,20.11,19.7,20.11,0.0019930244145489606,21.2735,21.284205999999998
20/09/2022,19.66,4289,19.75,19.82,19.66,19.66,-0.02237692690203874,21.198,21.270006000000002
21/09/2022,19.41,6807,19.75,19.83,19.41,19.41,-0.012716174974567673,21.094,21.2702
22/09/2022,18.84,9831,19.31,19.31,18.82,18.84,-0.029366306027820754,20.942500000000003,21.249000000000002
23/09/2022,18.28,6680,18.58,18.58,18.16,18.28,-0.02972399150743088,20.7915,21.220399999999998
26/09/2022,18.15,9463,18.22,18.41,18.04,18.15,-0.007111597374179546,20.643,21.1812
27/09/2022,17.96,11144,18.28,18.412,17.91,17.96,-0.010468319559228556,20.493000000000002,21.139200000000002
28/09/2022,18.42,12771,17.95,18.52,17.95,18.42,0.025612472160356337,20.361,21.0928
29/09/2022,17.85,7221,18.13,18.13,17.74,17.85,-0.030944625407166138,19.994,21.029600000000002
30/09/2022,17.86,11003,17.87,18.1761,17.86,17.86,0.0005602240896358524,19.643,20.9642
01/10/2022,26.1,40927,26.3,26.41,25.79,26.1,0.4613661814109744,19.891,21.073199999999996
02/10/2022,24.73,55865,24.81,25.6,24.71,24.73,-0.05249042145593874,20.041,21.1576
03/10/2022,24.59,15744,24.49,24.78,24.44,24.59,-0.005661140315406432,20.184,21.244599999999995
05/10/2022,20.94,18803,21.55,21.55,20.72,20.94,-0.14843432289548586,20.184,21.2516
06/10/2022,21.19,7363,21.37,21.4401,21.17,21.19,0.011938872970391534,20.2535,21.257800000000003
08/10/2022,22.27,6505,22.24,22.3099,22.05,22.27,0.05096743747050492,20.398,21.2822
10/10/2022,18.6088,12557,18.55,18.7,18.36,18.6088,-0.16440053884149086,20.30394,21.159176
11/10/2022,20.76,4653,20.52,20.8,20.52,20.76,0.11560122092773328,20.30544,21.089375999999998
13/10/2022,18.32,7899,17.68,18.53,17.67,18.32,-0.11753371868978812,20.205940000000002,20.957576000000003
14/10/2022,17.85,5587,18.51,18.53,17.85,17.85,-0.025655021834061098,20.09494,20.867976
17/10/2022,18.615,5820,18.32,18.64,18.32,18.615,0.042857142857142705,20.020190000000003,20.830076
18/10/2022,18.92,3292,19.12,19.1455,18.87,18.92,0.01638463604619944,19.98319,20.773476000000002
19/10/2022,18.55,5792,18.82,18.82,18.48,18.55,-0.019556025369978913,19.94019,20.735476
20/10/2022,18.5242,3859,18.51,18.85,18.49,18.5242,-0.0013908355795148042,19.9244,20.69736
21/10/2022,18.83,5813,18.672,18.83,18.47,18.83,0.016508135304088567,19.951900000000002,20.68476
24/10/2022,18.79,2631,18.85,18.99,18.72,18.79,-0.0021242697822623224,19.9839,20.60136
25/10/2022,19.43,4454,19.0,19.51,19.0,19.43,0.034060670569451945,20.0574,20.52896
26/10/2022,19.6222,3664,19.5,19.98,19.5,19.6222,0.009891919711785935,20.11751,20.474004
27/10/2022,19.67,2168,19.62,19.87,19.56,19.67,0.002436016348829506,20.20851,20.421404000000003
28/10/2022,20.29,8026,19.82,20.29,19.82,20.29,0.031520081342145234,20.33001,20.392204000000003
31/10/2022,20.5,6473,20.33,20.54,20.25,20.5,0.010349926071956617,20.05001,20.380004
01/11/2022,26.54,25313,26.095,26.6,26.0,26.54,0.29463414634146345,20.14051,20.487404
02/11/2022,24.35,8840,24.82,24.93,24.31,24.35,-0.08251695553880922,20.12851,20.544604
03/11/2022,24.09,8897,24.88,25.0,24.09,24.09,-0.010677618069815265,20.286009999999997,20.589004
04/11/2022,24.78,74148,24.69,25.14,24.69,24.78,0.028642590286426017,20.465510000000002,20.658604
05/11/2022,21.15,33756,20.92,21.19,20.36,21.15,-0.14648910411622285,20.40951,20.659204
07/11/2022,19.85,3968,20.34,20.47,19.85,19.85,-0.06146572104018899,20.47157,20.637003999999997
08/11/2022,22.34,3650,22.45,22.631,22.3,22.34,0.12544080604534003,20.55057,20.662604
10/11/2022,18.305,6495,18.26,18.63,18.23,18.305,-0.18061772605192483,20.54982,20.524904000000003
11/11/2022,21.1,9852,20.79,21.19,20.79,21.1,0.15269052171537845,20.71232,20.449303999999998
14/11/2022,20.7,15441,21.01,21.04,20.51,20.7,-0.018957345971564066,20.81657,20.440504
15/11/2022,20.77,15214,21.04,21.09,20.77,20.77,0.0033816425120773985,20.90907,20.421304
16/11/2022,20.6,5396,20.79,20.79,20.55,20.6,-0.008184882041405772,21.01157,20.398704
17/11/2022,20.31,5441,20.27,20.32,20.09,20.31,-0.014077669902912704,21.10086,20.386104
18/11/2022,20.33,4736,20.44,20.51,20.295,20.33,0.000984736582964052,21.17586,20.396704000000003
21/11/2022,20.2,12295,20.3,20.31,20.12,20.2,-0.0063944909001475425,21.24636,20.413104
22/11/2022,20.14,3577,20.2,20.3101,20.14,20.14,-0.002970297029702862,21.28186,20.406104
23/11/2022,20.36,9381,20.22,20.4459,20.07,20.36,0.010923535253227312,21.31875,20.398704
25/11/2022,20.45,1068,20.35,20.45,20.34,20.45,0.004420432220039183,21.35775,20.401504
28/11/2022,19.88,8811,20.26,20.3811,19.88,19.88,-0.027872860635696828,21.33725,20.397704
29/11/2022,19.94,3498,19.94,20.22,19.8788,19.94,0.003018108651911655,21.30925,20.394303999999998
30/11/2022,20.4,3246,19.939,20.4,19.775,20.4,0.02306920762286846,21.00225,20.409104000000003
01/12/2022,26.51,23489,26.71,26.86,26.47,26.51,0.2995098039215689,21.11025,20.551104
04/12/2022,24.96,53632,25.09,25.32,24.8337,24.96,-0.058468502451904936,21.153750000000002,20.673504
05/12/2022,20.69,15064,20.28,20.8308,20.13,20.69,-0.17107371794871795,20.94925,20.721704
07/12/2022,19.96,4300,19.85,20.15,19.85,19.96,-0.035282745287578576,20.88975,20.757904
08/12/2022,22.95,5771,22.47,22.95,22.46,22.95,0.1497995991983967,21.04475,20.857704
09/12/2022,21.19,5892,21.13,21.35,21.09,21.19,-0.07668845315904127,20.98725,20.913104000000004
10/12/2022,18.06,6065,18.25,18.25,18.01,18.06,-0.14771118452100063,20.975,20.917303999999998
12/12/2022,19.53,6861,19.38,19.57,19.21,19.53,0.08139534883720945,20.8965,20.950704
13/12/2022,19.52,7142,20.06,20.06,19.48,19.52,-0.0005120327700973704,20.8375,20.819104000000003
14/12/2022,19.35,6268,19.47,19.7,19.33,19.35,-0.00870901639344257,20.7665,20.711504
15/12/2022,18.79,6278,19.19,19.19,18.79,18.79,-0.028940568475452344,20.676,20.595504000000002
16/12/2022,19.91,12529,19.0,20.1099,19.0,19.91,0.05960617349654074,20.656,20.574904
19/12/2022,19.31,9117,19.92,19.98,19.31,19.31,-0.030135610246107558,20.605,20.537304
20/12/2022,19.51,3210,19.4,19.69,19.4,19.51,0.010357327809425332,20.570500000000003,20.482104
21/12/2022,19.72,19569,19.6,19.72,19.41,19.72,0.010763710917478075,20.5495,20.504328
22/12/2022,19.47,9610,19.65,19.65,19.19,19.47,-0.012677484787018245,20.505000000000003,20.478528
23/12/2022,19.46,8559,19.4,19.4899,19.27,19.46,-0.0005136106831020726,20.455499999999997,20.501327999999997
27/12/2022,19.2,7835,19.51,19.51,19.2,19.2,-0.013360739979445091,20.421499999999998,20.528328000000002
28/12/2022,19.02,8021,19.25,19.34,19.0,19.02,-0.009375000000000022,20.3755,20.536428
29/12/2022,19.23,10011,18.96,19.39,18.96,19.23,0.011041009463722551,20.317,20.542628
30/12/2022,19.49,9589,19.21,19.49,19.19,19.49,0.013520540821632787,19.966,20.561428
02/01/2023,21.3,5223,21.06,21.4393,20.9501,21.3,0.09286813750641376,19.782999999999998,20.616944
03/01/2023,19.7981,11434,20.14,20.14,19.7001,19.7981,-0.07051173708920189,19.738405,20.636306
05/01/2023,18.58,7112,18.62,18.6825,18.54,18.58,-0.06152610604047881,19.669405,20.632106
06/01/2023,18.88,4700,18.67,18.8885,18.579,18.88,0.016146393972013007,19.465905,20.621106
08/01/2023,19.8,7829,19.82,19.82,19.61,19.8,0.04872881355932224,19.396405,20.624661999999997
09/01/2023,18.67,2499,18.75,18.75,18.64,18.67,-0.05707070707070705,19.426904999999998,20.604661999999998
11/01/2023,15.56,4710,15.47,15.56,15.305,15.56,-0.1665773968934119,19.228405,20.510061999999998
12/01/2023,16.77,6288,16.31,16.77,16.172,16.77,0.07776349614395883,19.090905,20.435462
13/01/2023,21.18,10528,20.88,21.18,20.88,21.18,0.26296958855098396,19.182405,20.328262
17/01/2023,21.23,18380,21.19,21.23,21.03,21.23,0.0023607176581681433,19.304405,20.265862
18/01/2023,20.77,8130,21.32,21.33,20.77,20.77,-0.021667451719265207,19.347405000000002,20.199461999999997
19/01/2023,20.52,1812,20.64,20.64,20.4619,20.52,-0.01203659123736156,19.407905,20.114262
20/01/2023,20.9,5283,20.51,20.9,20.51,20.9,0.01851851851851838,19.477404999999997,20.109262
23/01/2023,21.12,12864,20.89,21.133,20.8608,21.12,0.010526315789473717,19.547405,20.134662000000002
24/01/2023,20.94,13357,20.92,21.06,20.87,20.94,-0.008522727272727293,19.620905,20.106662
25/01/2023,21.0806,9002,20.75,21.115,20.59,21.0806,0.006714422158548228,19.701935,20.162174
26/01/2023,21.0,5943,21.22,21.22,20.8643,21.0,-0.003823420585751802,19.791935000000002,20.160173999999998
27/01/2023,21.12,5304,20.93,21.19,20.93,21.12,0.005714285714285783,19.896935,20.168574
30/01/2023,20.79,8264,20.9,21.05,20.77,20.79,-0.01562500000000011,19.974935000000002,20.168974
31/01/2023,21.2,3760,20.8,21.2,20.8,21.2,0.019721019721019806,20.060435000000002,20.180974000000003
02/02/2023,21.72,7622,21.5,21.81,21.5,21.72,0.024528301886792336,20.081435,20.209174
03/02/2023,19.95,3225,19.63,19.95,19.63,19.95,-0.08149171270718225,20.08903,20.201573999999997
05/02/2023,18.25,3713,18.45,18.45,18.1,18.25,-0.08521303258145363,20.07253,20.162574
06/02/2023,19.38,5788,19.07,19.38,19.0,19.38,0.06191780821917803,20.09753,20.147374
08/02/2023,19.41,5959,19.61,19.61,19.286,19.41,0.001547987616099089,20.07803,20.128374
10/02/2023,16.29,2832,16.6,16.608,16.29,16.29,-0.16074188562596603,19.959030000000002,20.045174
11/02/2023,16.05,6292,15.63,16.05,15.63,16.05,-0.014732965009207954,19.983530000000002,19.968574
13/02/2023,20.36,14598,20.3,20.36,20.175,20.36,0.2685358255451713,20.16303,19.976974
14/02/2023,20.64,4216,20.59,20.64,20.21,20.64,0.013752455795677854,20.136029999999998,19.981773999999998
15/02/2023,21.0,2600,20.42,21.0,20.42,21.0,0.01744186046511631,20.12453,19.871574
16/02/2023,20.75,3342,20.78,20.93,20.57,20.75,-0.011904761904761862,20.12353,19.787374
17/02/2023,20.87,8723,20.62,20.87,20.4604,20.87,0.005783132530120527,20.14103,19.790974
21/02/2023,20.23,4825,20.7,20.7,20.23,20.23,-0.030666027791087735,20.10753,19.796374
22/02/2023,20.43,2774,20.38,20.4535,20.29,20.43,0.009886307464162192,20.07303,19.745974
23/02/2023,20.62,3037,20.6,20.62,20.36,20.62,0.009300048947626038,20.05703,19.734574
24/02/2023,20.22,6186,20.29,20.33,20.145,20.22,-0.019398642095053487,20.014000000000003,19.777774
27/02/2023,20.28,7626,20.37,20.56,20.275,20.28,0.0029673590504453173,19.978,19.792774
28/02/2023,20.15,3786,20.24,20.2911,20.15,20.15,-0.0064102564102564985,19.9295,19.805374
01/03/2023,19.47,10480,19.68,19.7099,19.44,19.47,-0.033746898263027236,19.8635,19.807774000000002
02/03/2023,21.45,5717,21.67,21.7,21.34,21.45,0.10169491525423724,19.875999999999998,19.860974
03/03/2023,20.34,4574,19.97,20.34,19.94,20.34,-0.051748251748251706,19.807,19.869574
04/03/2023,19.1,12218,19.12,19.15,18.9701,19.1,-0.06096361848574228,19.764499999999998,19.865374000000003
05/03/2023,18.4,4369,18.33,18.5284,18.33,18.4,-0.03664921465968596,19.772,19.843174
07/03/2023,19.22,5242,19.14,19.22,19.1,19.22,0.04456521739130426,19.764,19.833174
08/03/2023,19.62,2342,19.49,19.6779,19.49,19.62,0.020811654526534884,19.7745,19.836174
10/03/2023,15.92,3744,16.16,16.16,15.915,15.92,-0.18858307849133538,19.756,19.765373999999998
11/03/2023,16.53,4852,16.19,16.58,16.19,16.53,0.03831658291457285,19.779999999999998,19.711974
13/03/2023,19.17,17564,18.91,19.3198,18.86,19.17,0.15970961887477308,19.7205,19.714974
14/03/2023,19.32,5188,19.42,19.43,19.15,19.32,0.00782472613458518,19.6545,19.716774
15/03/2023,18.94,9649,18.93,18.94,18.66,18.94,-0.019668737060041352,19.551499999999997,19.705774
16/03/2023,19.02,5948,18.69,19.02,18.59,19.02,0.004223864836325086,19.465,19.660173999999998
17/03/2023,18.69,4307,18.86,18.86,18.5501,18.69,-0.017350157728706517,19.356,19.638012
20/03/2023,18.67,8400,18.69,18.836,18.59,18.67,-0.0010700909577313622,19.278,19.639812000000003
21/03/2023,18.88,9139,18.86,18.93,18.78,18.88,0.011247991430101578,19.200499999999998,19.639812000000003
22/03/2023,18.41,5543,18.88,18.88,18.41,18.41,-0.024894067796610075,19.09,19.612012
23/03/2023,18.38,10842,18.48,18.62,18.2,18.38,-0.0016295491580663457,18.997999999999998,19.606212
24/03/2023,18.46,11600,18.08,18.46,18.08,18.46,0.0043525571273124175,18.907,19.664212
27/03/2023,18.43,10042,18.42,18.54,18.35,18.43,-0.0016251354279523955,18.820999999999998,19.697412
28/03/2023,18.33,6343,18.31,18.3885,18.23,18.33,-0.005425935973955576,18.764000000000003,19.640412
29/03/2023,18.66,6021,18.3,18.66,18.3,18.66,0.018003273322422464,18.6245,19.589012
30/03/2023,18.89,7128,18.87,18.92,18.79,18.89,0.012325830653804992,18.552,19.551412
31/03/2023,19.08,7552,18.98,19.2,18.94,19.08,0.010058231868713463,18.551000000000002,19.522612000000002
01/04/2023,19.76,10750,19.66,19.82,19.6299,19.76,0.03563941299790363,18.619,19.499812
04/04/2023,18.74,8035,18.97,18.982,18.61,18.74,-0.05161943319838069,18.595000000000002,19.452212
05/04/2023,18.33,5019,18.36,18.37,18.14,18.33,-0.02187833511205972,18.5305,19.400012
08/04/2023,19.56,6399,19.73,19.81,19.5,19.56,0.06710310965630129,18.7125,19.369600000000002
10/04/2023,15.98,8842,15.94,15.98,15.81,15.98,-0.18302658486707557,18.685000000000002,19.2692
12/04/2023,16.62,13918,16.49,16.72,16.49,16.62,0.040050062578222745,18.557499999999997,19.1792
13/04/2023,18.99,15299,18.86,19.0631,18.6315,18.99,0.14259927797833916,18.541,19.1432
14/04/2023,18.74,5564,18.96,18.96,18.58,18.74,-0.013164823591363839,18.531,19.094
17/04/2023,18.95,8385,18.73,18.95,18.73,18.95,0.011205976520811234,18.527499999999996,19.0386
18/04/2023,18.79,1655,18.77,18.7904,18.75,18.79,-0.008443271767810012,18.5325,19.0154
19/04/2023,18.795,5532,18.62,18.8,18.62,18.795,0.00026609898882390404,18.53875,19.026300000000003
20/04/2023,18.6638,19842,18.66,18.84,18.36,18.6638,-0.006980579941473941,18.527939999999997,19.011976
21/04/2023,18.8,9807,18.74,18.81,18.72,18.8,0.0072975492664946184,18.54744,18.999776
24/04/2023,18.73,8633,18.82,18.82,18.61,18.73,-0.0037234042553191404,18.56494,19.048576
25/04/2023,18.21,2147,18.57,18.57,18.18,18.21,-0.02776294714361982,18.552439999999997,19.091776
26/04/2023,18.0,22886,18.27,18.34,17.97,18.0,-0.011532125205930832,18.53094,19.044576
27/04/2023,18.39,3094,18.21,18.39,18.2015,18.39,0.021666666666666723,18.533939999999998,18.999576
28/04/2023,18.6,6104,18.3567,18.6,18.3567,18.6,0.011419249592169667,18.53094,18.951576
01/05/2023,19.83,4281,19.6,19.8562,19.6,19.83,0.06612903225806432,18.57794,18.933176
04/05/2023,18.59,7009,18.74,18.74,18.5,18.59,-0.06253151790216838,18.55344,18.887576000000003
05/05/2023,18.64,5681,18.33,18.67,18.33,18.64,0.002689618074233513,18.49744,18.855776000000002
06/05/2023,19.11,3689,19.35,19.35,19.1,19.11,0.025214592274678038,18.515939999999997,18.829376
07/05/2023,19.17,11153,19.22,19.22,18.89,19.17,0.0031397174254317317,18.55794,18.800376
09/05/2023,18.54,11027,18.6,18.6,18.53,18.54,-0.03286384976525836,18.50694,18.766776
10/05/2023,15.96,6605,15.68,16.0,15.68,15.96,-0.13915857605177984,18.50594,18.680376
12/05/2023,16.5,3433,16.63,16.63,16.47,16.5,0.03383458646616533,18.49994,18.607376
15/05/2023,18.78,4887,18.52,18.7931,18.52,18.78,0.13818181818181818,18.489440000000002,18.593576
16/05/2023,18.61,2939,18.7,18.7,18.61,18.61,-0.009052183173589023,18.48294,18.536776
17/05/2023,18.96,4370,18.65,18.9835,18.65,18.96,0.018807092960773764,18.48344,18.509176
18/05/2023,19.15,5412,18.94,19.15,18.88,19.15,0.010021097046413407,18.50144,18.510175999999998
19/05/2023,19.03,3417,19.18,19.26,18.94,19.03,-0.0062663185378588615,18.51319,18.522776
22/05/2023,19.52,7033,18.99,19.55,18.99,19.52,0.02574881765633208,18.556,18.528775999999997
23/05/2023,19.195,2101,19.43,19.5697,19.195,19.195,-0.016649590163934413,18.57575,18.520276
24/05/2023,18.87,4096,19.1,19.1,18.7743,18.87,-0.016931492576191642,18.582749999999997,18.579276
25/05/2023,18.74,12701,18.98,18.98,18.67,18.74,-0.006889242183359956,18.60925,18.623476
26/05/2023,18.674,4558,18.7,18.7914,18.6312,18.674,-0.003521878335111972,18.64295,18.613556
30/05/2023,18.81,3021,18.74,18.81,18.66,18.81,0.007282853164828129,18.66395,18.603356
31/05/2023,18.62,2704,18.6,18.6477,18.48,18.62,-0.010101010101009944,18.664949999999997,18.596956
01/06/2023,20.29,5603,20.0,20.3029,19.8401,20.29,0.08968850698173991,18.68795,18.622356
02/06/2023,21.03,19605,21.47,21.47,20.985,21.03,0.03647116806308537,18.80995,18.669156
03/06/2023,20.23,6144,20.34,20.3834,20.12,20.23,-0.03804089396100807,18.88945,18.700356
04/06/2023,18.68,4524,18.68,18.77,18.51,18.68,-0.0766188828472566,18.86795,18.696355999999998
06/06/2023,19.67,7330,19.11,19.67,19.11,19.67,0.05299785867237694,18.892950000000003,18.721556
07/06/2023,18.9,8120,18.93,18.93,18.72,18.9,-0.039145907473309816,18.91095,18.731956
09/06/2023,18.39,6704,18.5,18.5616,18.33,18.39,-0.026984126984126888,19.03245,18.730556
10/06/2023,16.0,8320,15.8099,16.1,15.8099,16.0,-0.12996193583469284,19.00745,18.681956
11/06/2023,15.67,5883,16.36,16.36,15.6,15.67,-0.020625000000000004,18.85195,18.628756
12/06/2023,16.57,6973,16.5,16.82,16.5,16.57,0.0574345883854499,18.749950000000002,18.586956
13/06/2023,19.51,4636,19.34,19.6399,19.34,19.51,0.17742908871454444,18.777449999999998,18.599356
14/06/2023,19.26,5943,19.54,19.6185,19.1709,19.26,-0.012813941568426412,18.78295,18.602956
15/06/2023,19.19,7446,19.1,19.2759,19.1,19.19,-0.0036344755970924014,18.79095,18.591556
16/06/2023,19.28,6870,19.49,19.63,19.25,19.28,0.004689942678478332,18.778950000000002,18.602356
20/06/2023,19.35,5256,19.0,19.4323,19.0,19.35,0.0036307053941908585,18.786700000000003,18.622756000000003
21/06/2023,19.25,62473,19.04,19.39,19.04,19.25,-0.0051679586563307955,18.8057,18.616556
22/06/2023,19.18,2615,19.18,19.26,19.01,19.18,-0.0036363636363636598,18.8277,18.680556
23/06/2023,18.71,10084,18.89,18.89,18.71,18.71,-0.02450469238790398,18.829500000000003,18.722356
26/06/2023,18.82,3475,18.79,18.87,18.79,18.82,0.0058792089791555036,18.830000000000002,18.718956
27/06/2023,19.1,2746,18.87,19.1,18.82,19.1,0.014877789585547418,18.854000000000003,18.726156
28/06/2023,19.03,1871,18.97,19.0555,18.9412,19.03,-0.00366492146596864,18.791,18.727756000000003
29/06/2023,19.06,7357,19.06,19.2,19.0,19.06,0.0015764582238568803,18.692500000000003,18.733156
30/06/2023,19.14,7185,19.22,19.28,19.11,19.14,0.0041972717733473885,18.637999999999998,18.740056
02/07/2023,21.07,8430,21.01,21.07,20.62,21.07,0.10083594566353193,18.7575,18.78818
03/07/2023,19.94,1617,20.23,20.23,19.94,19.94,-0.053630754627432276,18.770999999999997,18.81098
06/07/2023,19.83,16742,19.75,19.99,19.67,19.83,-0.005516549648946989,18.817500000000003,18.83298
07/07/2023,19.09,4518,18.93,19.265,18.93,19.09,-0.03731719616742302,18.8525,18.85058
08/07/2023,19.76,3525,19.63,19.76,19.58,19.76,0.03509690937663712,19.0405,18.88578
09/07/2023,18.16,3362,18.29,18.29,18.0601,18.16,-0.08097165991902844,19.165,18.88118
11/07/2023,15.58,3535,15.51,15.7,15.47,15.58,-0.14207048458149785,19.1155,18.820780000000003
12/07/2023,16.89,2637,16.56,16.925,16.56,16.89,0.0840821566110399,18.9845,18.76198
13/07/2023,19.63,6021,19.52,19.68,19.5199,19.63,0.162226169330965,19.003,18.78278
14/07/2023,19.2,6166,19.68,19.6898,19.2,19.2,-0.021905247070809986,19.003500000000003,18.793979999999998
17/07/2023,19.43,15135,19.27,19.4735,19.22,19.43,0.011979166666666652,19.011000000000003,18.80038
18/07/2023,19.75,3505,19.75,19.77,19.71,19.75,0.016469377251672634,19.031,18.811980000000002
19/07/2023,19.96,6759,19.76,19.96,19.76,19.96,0.010632911392405076,19.066499999999998,18.84038
20/07/2023,20.5,24122,19.931,20.5,19.88,20.5,0.027054108216432837,19.1325,18.931179999999998
21/07/2023,20.16,7769,20.5,20.5,20.06,20.16,-0.01658536585365855,19.205,19.00438
24/07/2023,19.97,4968,20.14,20.2497,19.9486,19.97,-0.009424603174603252,19.2625,19.02818
25/07/2023,19.51,9203,19.7027,19.79,19.5019,19.51,-0.0230345518277415,19.282999999999998,19.046180000000003
26/07/2023,19.53,7843,19.59,19.6,19.38,19.53,0.001025115325474113,19.308,19.05758
27/07/2023,19.18,8143,19.62,19.64,19.17,19.18,-0.017921146953405076,19.314,19.05818
28/07/2023,19.71,9512,19.34,19.71,19.34,19.71,0.027632950990615246,19.3425,19.07178
31/07/2023,19.89,3838,19.71,19.96,19.71,19.89,0.00913242009132409,19.2835,19.079179999999997
02/08/2023,20.4551,4076,20.93,20.93,20.43,20.4551,0.028411261940673782,19.309255,19.104382
03/08/2023,19.98,3085,20.01,20.01,19.856,19.98,-0.02322648141539274,19.316755,19.126582
05/08/2023,18.61,9404,18.48,18.74,18.48,18.61,-0.06856856856856863,19.292755,19.123982
06/08/2023,19.87,7515,19.77,19.9,19.57,19.87,0.0677055346587856,19.298255,19.147902000000002
08/08/2023,19.85,7153,19.55,19.86,19.46,19.85,-0.0010065425264217387,19.382755,19.168702
09/08/2023,18.04,5149,18.12,18.125,17.98,18.04,-0.09118387909319914,19.505755,19.157102
11/08/2023,15.39,3190,15.54,15.54,15.39,15.39,-0.14689578713968954,19.430755,19.059102
12/08/2023,16.96,3797,16.89,17.0532,16.8,16.96,0.10201429499675108,19.297255,18.977702
14/08/2023,19.56,8052,19.53,19.621,19.47,19.56,0.1533018867924527,19.315255,18.964302
15/08/2023,19.07,13620,19.36,19.4,19.06,19.07,-0.025051124744376208,19.297255,18.972102000000003
16/08/2023,18.59,15212,18.99,19.05,18.59,18.59,-0.025170424750917686,19.239255000000004,18.950502
17/08/2023,18.34,6083,18.63,18.63,18.33,18.34,-0.013448090371167343,19.158255,18.939302
18/08/2023,18.28,12064,18.16,18.41,18.16,18.28,-0.0032715376226826187,19.047255,18.937102
21/08/2023,18.16,12167,18.3,18.3,18.05,18.16,-0.006564551422319487,18.947255000000002,18.980302000000002
22/08/2023,18.055,5304,18.21,18.21,18.0137,18.055,-0.005781938325991165,18.851505,19.028002
23/08/2023,18.1,2662,18.081,18.16,18.06,18.1,0.0024923843810580326,18.781005,19.058602
24/08/2023,17.73,6791,18.1,18.1,17.71,17.73,-0.02044198895027627,18.691004999999997,19.023002
25/08/2023,17.74,6871,17.76,17.76,17.6095,17.74,0.0005640157924420297,18.619004999999998,18.992602
28/08/2023,18.02,2957,17.86,18.02,17.86,18.02,0.015783540022547893,18.534505,18.969202
29/08/2023,18.46,6141,18.15,18.49,18.15,18.46,0.02441731409544956,18.463005000000003,18.952802
30/08/2023,18.64,4258,18.56,18.6999,18.56,18.64,0.009750812567713929,18.37225,18.938602
31/08/2023,18.63,3780,18.72,18.78,18.63,18.63,-0.0005364806866953176,18.30475,18.926202
01/09/2023,20.13,10765,20.4,20.4625,20.13,20.13,0.08051529790660217,18.38075,18.945202000000002
02/09/2023,20.13,3576,20.59,20.59,20.1,20.13,0.0,18.39375,18.973602
03/09/2023,19.6,12696,19.99,20.12,19.56,19.6,-0.026328862394435992,18.38125,18.989202
05/09/2023,18.55,79102,18.55,18.61,17.68,18.55,-0.0535714285714286,18.406750000000002,18.978202
06/09/2023,19.19,4373,19.72,19.72,19.16,19.19,0.0345013477088949,18.59675,18.981402
08/09/2023,19.75,3417,19.93,19.93,19.7,19.75,0.029181865554976483,18.736250000000002,18.995202
10/09/2023,16.1319,5113,15.9,16.24,15.9,16.1319,-0.18319493670886067,18.564845,18.93504
11/09/2023,15.44,4060,15.66,15.6999,15.44,15.44,-0.042890174127040326,18.383345,18.82244
13/09/2023,17.68,4330,17.78,17.8095,17.68,17.68,0.14507772020725396,18.337844999999998,18.777240000000003
14/09/2023,18.0,3477,17.8,18.05,17.8,18.0,0.018099547511312153,18.320845,18.74064
15/09/2023,17.74,3462,18.02,18.145,17.74,17.74,-0.014444444444444482,18.293844999999997,18.713639999999998
18/09/2023,17.65,3344,17.72,17.7711,17.65,17.65,-0.005073280721533235,18.268345,18.67144
19/09/2023,17.73,1201,17.58,17.795,17.58,17.73,0.004532577903682888,18.252095,18.662840000000003
20/09/2023,17.48,3638,17.84,17.84,17.48,17.48,-0.01410039481105474,18.221095,18.70084
21/09/2023,17.1,3717,17.29,17.3,17.1,17.1,-0.021739130434782594,18.189595,18.70504
22/09/2023,16.97,2527,17.17,17.2201,16.97,16.97,-0.007602339181286721,18.151095,18.65184
25/09/2023,16.75,6202,16.85,16.85,16.69,16.75,-0.012964054213317588,18.087595,18.60284
26/09/2023,16.31,3232,16.58,16.6469,16.3,16.31,-0.026268656716417982,17.980095,18.54044
27/09/2023,16.26,1987,16.24,16.2895,16.17,16.26,-0.003065603923972815,17.861095,18.47064
28/09/2023,16.65,4373,16.34,16.65,16.34,16.65,0.02398523985239831,17.762095,18.40444
29/09/2023,16.76,4340,16.77,16.92,16.71,16.76,0.006606606606606835,17.593595,18.32964
01/10/2023,20.41,4155,20.03,20.41,20.03,20.41,0.21778042959427202,17.607595,18.33464
02/10/2023,20.24,5099,20.12,20.24,20.1,20.24,-0.008329250367467012,17.639595,18.340040000000002
03/10/2023,19.19,9010,19.53,19.53,19.1,19.19,-0.05187747035573109,17.671595,18.33364
04/10/2023,18.97,6857,18.55,18.97,18.55,18.97,-0.011464304325169539,17.660594999999997,18.32244
05/10/2023,18.66,6713,18.57,18.69,18.51,18.66,-0.016341591987348414,17.606095,18.312040000000003
07/10/2023,19.37,5971,19.11,19.37,18.99,19.37,0.03804930332261525,17.768,18.305239999999998
08/10/2023,19.64,5345,20.021,20.11,19.52,19.64,0.013939081053174984,17.978,18.300240000000002
10/10/2023,16.38,10379,16.25,16.5198,16.25,16.38,-0.16598778004073322,17.913,18.218738000000002
11/10/2023,15.47,8022,15.51,15.51,15.41,15.47,-0.05555555555555547,17.7865,18.128538
13/10/2023,15.95,7088,15.98,16.1212,15.91,15.95,0.031027795733677976,17.697,18.075338
16/10/2023,16.17,5040,16.02,16.17,15.96,16.17,0.013793103448276112,17.623,18.001337999999997
17/10/2023,16.25,11879,16.04,16.31,16.04,16.25,0.0049474335188619545,17.549,17.929338
18/10/2023,16.0,8942,16.15,16.15,15.96,16.0,-0.01538461538461533,17.475,17.888537999999997
19/10/2023,15.79,5394,16.0,16.0,15.73,15.79,-0.013125000000000053,17.4095,17.896538
20/10/2023,15.54,4554,15.66,15.68,15.54,15.54,-0.01583280557314759,17.338,17.868138
23/10/2023,15.32,5067,15.42,15.5399,15.32,15.32,-0.014157014157014092,17.2665,17.783338
24/10/2023,15.46,3871,15.43,15.6515,15.43,15.46,0.009138381201044377,17.224,17.711138
25/10/2023,15.3,7736,15.38,15.39,15.252,15.3,-0.010349288486416586,17.176,17.645338000000002
26/10/2023,15.32,5938,15.28,15.36,15.26,15.32,0.0013071895424836555,17.1095,17.584938
27/10/2023,15.09,4267,15.22,15.22,15.055,15.09,-0.015013054830287254,17.026,17.521138
30/10/2023,15.31,3543,15.15,15.31,15.15,15.31,0.014579191517561263,16.771,17.464138
31/10/2023,15.55,2233,15.32,15.55,15.32,15.55,0.015676028739386005,16.5365,17.414038
01/11/2023,20.6,2062,20.535,20.6,20.53,20.6,0.32475884244373,16.607,17.464038000000002
04/11/2023,18.98,11803,18.94,19.05,18.92,18.98,-0.07864077669902914,16.6075,17.489037999999997
05/11/2023,18.59,5691,18.55,18.7,18.55,18.59,-0.020547945205479534,16.604,17.506038
07/11/2023,19.65,6577,19.41,19.65,19.41,19.65,0.057019903173749276,16.618000000000002,17.538638
08/11/2023,19.6,5263,19.53,19.69,19.53,19.6,-0.00254452926208637,16.616,17.561438
09/11/2023,18.01,2271,18.11,18.12,18.01,18.01,-0.08112244897959187,16.6975,17.548838
10/11/2023,16.26,1786,16.38,16.38,16.22,16.26,-0.09716823986674072,16.737000000000002,17.501437999999997
12/11/2023,16.9,7717,16.96,17.01,16.803,16.9,0.03936039360393595,16.7845,17.436838
13/11/2023,15.45,4054,15.44,15.54,15.39,15.45,-0.08579881656804733,16.7485,17.343238
14/11/2023,15.98,7070,15.74,15.98,15.74,15.98,0.03430420711974125,16.735,17.270838
15/11/2023,16.17,5343,16.13,16.43,16.13,16.17,0.011889862327910006,16.7435,17.223238
16/11/2023,15.9,2495,16.1,16.11,15.85,15.9,-0.016697588126159624,16.749000000000002,17.157438000000003
17/11/2023,16.22,3017,16.05,16.22,16.0079,16.22,0.020125786163522008,16.783,17.086838
20/11/2023,16.28,5906,16.21,16.34,16.17,16.28,0.0036991368680643344,16.831,17.0898
21/11/2023,16.07,4489,16.22,16.22,16.03,16.07,-0.012899262899262909,16.8615,17.1024
22/11/2023,16.13,4998,16.04,16.1523,16.04,16.13,0.0037336652146857663,16.903,17.071399999999997
24/11/2023,16.31,2902,16.05,16.31,16.05,16.31,0.011159330440173587,16.9525,17.0376
27/11/2023,16.23,2838,16.19,16.23,16.19,16.23,-0.004904966278356682,17.0095,17.0074
28/11/2023,16.22,8632,16.25,16.3,16.081,16.22,-0.0006161429451633227,17.055,16.9788
29/11/2023,16.44,9198,16.28,16.5,16.28,16.44,0.01356350184956856,17.0995,16.953000000000003
30/11/2023,16.37,7055,16.4,16.4599,16.3,16.37,-0.0042579075425790425,16.887999999999998,16.9308
01/12/2023,20.94,3224,20.66,20.9567,20.66,20.94,0.2791692119731215,16.986,17.0076
04/12/2023,18.7549,2647,19.09,19.09,18.7549,18.7549,-0.10435052531041078,16.994245,17.043298
05/12/2023,18.54,5357,18.71,18.7946,18.451,18.54,-0.011458338887437414,16.938745,17.079098
06/12/2023,19.27,9304,19.18,19.28,19.09,19.27,0.03937432578209288,16.922245,17.138298000000002
07/12/2023,19.61,10185,19.87,19.88,19.61,19.61,0.017644006227296227,17.002245,17.205298
09/12/2023,17.82,5913,17.9,17.95,17.8,17.82,-0.0912799592044875,17.080244999999998,17.228697999999998
10/12/2023,16.05,2421,16.3,16.3,15.92,16.05,-0.09932659932659926,17.037745,17.214498
12/12/2023,16.72,7668,16.8,16.9,16.5901,16.72,0.041744548286604344,17.101245,17.140698
13/12/2023,17.11,8644,16.67,17.24,16.67,17.11,0.023325358851674638,17.157745,17.078098
14/12/2023,17.75,9222,17.4,17.7899,17.4,17.75,0.037405026300409094,17.236745,17.049298
15/12/2023,17.43,14761,17.75,17.75,17.4,17.43,-0.01802816901408455,17.313245000000002,17.018498
18/12/2023,17.37,9857,17.58,17.58,17.31,17.37,-0.0034423407917383297,17.370745,16.992697999999997
19/12/2023,17.73,5202,17.39,17.73,17.39,17.73,0.020725388601036343,17.443245,16.959898
20/12/2023,17.34,5353,17.65,17.7701,17.34,17.34,-0.021996615905245376,17.506745000000002,16.913898
21/12/2023,17.88,9650,17.68,17.88,17.68,17.88,0.03114186851211076,17.594245,16.943898
22/12/2023,18.18,4500,17.95,18.23,17.95,18.18,0.016778523489932917,17.687745,16.998098
26/12/2023,18.57,10541,18.17,18.58,18.17,18.57,0.021452145214521545,17.804745,17.050498
27/12/2023,18.68,7481,18.67,18.7001,18.58,18.68,0.005923532579429125,17.927745,17.100698
28/12/2023,18.69,5164,18.56,18.81,18.56,18.69,0.0005353319057816996,18.040245000000002,17.149498
29/12/2023,18.66,5935,18.69,18.69,18.4901,18.66,-0.0016051364365972098,18.154745000000002,17.202698
02/01/2024,16.59,2525,16.73,16.73,16.42,16.59,-0.11093247588424437,17.937244999999997,17.218698
03/01/2024,17.02,11669,17.05,17.055,16.76,17.02,0.02591922845087402,17.8505,17.248298
04/01/2024,16.61,18143,16.9,16.93,16.61,16.61,-0.024089306698002355,17.753999999999998,17.274098
05/01/2024,15.4871,2104,15.3,15.6201,15.3,15.4871,-0.06760385310054184,17.564855,17.27464
07/01/2024,15.78,8794,15.7,16.07,15.7,15.78,0.018912514286083315,17.373354999999997,17.28424
08/01/2024,17.37,2583,17.94,17.94,17.3099,17.37,0.10076045627376429,17.350855,17.32524
10/01/2024,18.94,3815,19.27,19.27,18.855,18.94,0.09038572251007482,17.495355,17.40224
11/01/2024,19.5,8301,19.18,19.71,19.18,19.5,0.029567053854276493,17.634355,17.48604
16/01/2024,17.6,5506,17.52,17.6915,17.52,17.6,-0.09743589743589731,17.658855,17.52704
17/01/2024,17.44,4250,17.32,17.47,17.32,17.44,-0.00909090909090915,17.643355,17.46384
18/01/2024,17.46,11075,17.51,17.51,17.2876,17.46,0.0011467889908256534,17.644855,17.43344
19/01/2024,17.08,17494,17.46,17.46,17.01,17.08,-0.02176403207331057,17.630355,17.40324
22/01/2024,17.29,7227,17.08,17.38,17.08,17.29,0.012295081967213184,17.608355,17.35604
23/01/2024,17.32,18944,17.15,17.38,17.15,17.32,0.001735106998264957,17.607355000000002,17.31044
24/01/2024,17.11,3644,17.06,17.4301,17.06,17.11,-0.012124711316397252,17.568855,17.292440000000003
25/01/2024,16.98,4367,17.03,17.03,16.94,16.98,-0.007597895967270563,17.508855,17.30684
26/01/2024,16.9,4502,16.94,17.13,16.9,16.9,-0.004711425206124997,17.425355,17.30684
29/01/2024,16.96,12137,16.91,16.96,16.74,16.96,0.0035502958579882726,17.339355,17.33704
30/01/2024,16.77,3099,16.97,16.97,16.695,16.77,-0.011202830188679291,17.243355,17.35284
31/01/2024,16.55,3703,16.8,16.8501,16.55,16.55,-0.013118664281454917,17.137855,17.36044
01/02/2024,18.19,5097,18.37,18.62,18.19,18.19,0.09909365558912397,17.217855,17.406239999999997
02/02/2024,16.53,4521,16.51,16.67,16.48,16.53,-0.09125893347993408,17.193355,17.41244
04/02/2024,16.14,10036,16.52,16.52,16.12,16.14,-0.023593466424682408,17.169855000000002,17.40964
05/02/2024,15.64,18592,15.51,15.64,15.49,15.64,-0.030978934324659257,17.177500000000002,17.401040000000002
07/02/2024,15.92,3896,15.74,15.97,15.74,15.92,0.01790281329923271,17.1845,17.39684
08/02/2024,16.92,4710,17.13,17.13,16.805,16.92,0.06281407035175901,17.162,17.40904
10/02/2024,18.98,3875,18.86,18.98,18.86,18.98,0.12174940898345143,17.163999999999998,17.46404
12/02/2024,23.66,60173,24.29,24.29,23.5001,23.66,0.2465753424657533,17.372,17.612840000000002
13/02/2024,16.55,8863,17.02,17.02,16.55,16.55,-0.3005071851225697,17.319499999999998,17.61504
14/02/2024,17.07,7750,16.87,17.07,16.7,17.07,0.031419939577039147,17.301000000000002,17.62904
15/02/2024,17.31,7712,17.33,17.3893,17.11,17.31,0.014059753954305698,17.2935,17.55644
16/02/2024,17.29,8248,17.28,17.3619,17.12,17.29,-0.0011554015020219799,17.304,17.527142
20/02/2024,17.12,8298,17.08,17.2639,17.01,17.12,-0.009832272990167645,17.2955,17.498742000000004
21/02/2024,17.07,27482,17.035,17.11,17.0173,17.07,-0.0029205607476635587,17.282999999999998,17.454742
22/02/2024,16.97,19439,17.22,17.22,16.78,16.97,-0.005858230814294152,17.276000000000003,17.401942000000002
23/02/2024,16.88,10711,17.02,17.16,16.8,16.88,-0.005303476723629963,17.271,17.383142
26/02/2024,16.91,4998,16.88,16.9468,16.84,16.91,0.0017772511848341832,17.2715,17.400342000000002
27/02/2024,17.17,5990,16.91,17.2099,16.91,17.17,0.015375517445298748,17.282,17.409342000000002
28/02/2024,16.83,7559,16.91,17.0399,16.8201,16.83,-0.01980198019802004,17.285,17.403742
29/02/2024,16.85,9040,16.96,17.05,16.77,16.85,0.0011883541295307776,17.3,17.385742
01/03/2024,17.84,5253,18.09,18.09,17.84,17.84,0.058753709198813064,17.2825,17.393942000000003
04/03/2024,16.185,18069,16.05,16.1901,16.05,16.185,-0.09276905829596416,17.26525,17.370242
05/03/2024,15.67,2418,15.7,15.8271,15.665,15.67,-0.03181958603645341,17.24175,17.329042
06/03/2024,16.44,2813,16.53,16.535,16.387,16.44,0.049138481174218374,17.28175,17.311042
07/03/2024,16.2887,6918,15.95,16.2887,15.95,16.2887,-0.009203163017031835,17.300185,17.279216
09/03/2024,18.53,3225,18.72,18.72,18.46,18.53,0.13759845782659164,17.380685,17.286216000000003
10/03/2024,18.78,3412,18.62,18.8,18.62,18.78,0.013491635186184459,17.370685,17.290416
12/03/2024,23.47,36206,23.73,23.75,23.1208,23.47,0.24973375931842368,17.361185,17.386216
13/03/2024,17.15,15383,17.17,17.28,17.15,17.15,-0.26927993182786536,17.391185,17.355416
14/03/2024,16.83,6739,17.11,17.11,16.7,16.83,-0.01865889212827987,17.379185,17.318816
15/03/2024,16.74,9802,16.83,16.83,16.72,16.74,-0.005347593582887722,17.350685,17.321816
18/03/2024,16.43,7961,16.73,16.73,16.43,16.43,-0.01851851851851849,17.307685,17.310016
19/03/2024,16.41,4498,16.43,16.45,16.345,16.41,-0.001217285453438799,17.272185,17.306016
20/03/2024,16.66,9584,16.34,16.73,16.34,16.66,0.015234613040828737,17.251685000000002,17.329473999999998
21/03/2024,16.7,4105,16.79,16.8172,16.7,16.7,0.0024009603841537164,17.238184999999998,17.347874
22/03/2024,16.6,6362,16.74,16.74,16.59,16.6,-0.0059880239520956335,17.224185,17.332474
25/03/2024,16.61,6168,16.55,16.7,16.5,16.61,0.00060240963855418,17.209185,17.285874
26/03/2024,16.61,4214,16.67,16.7496,16.61,16.61,0.0,17.181185,17.228074000000003
27/03/2024,16.8931,8549,16.61,16.9006,16.61,16.8931,0.017043949428055427,17.18434,17.213936
28/03/2024,17.02,3009,16.85,17.0499,16.85,17.02,0.0075119427458547605,17.19284,17.205536
01/04/2024,17.79,5864,17.74,17.8951,17.69,17.79,0.04524089306698009,17.19034,17.212136
03/04/2024,16.78,8006,16.92,16.99,16.751,16.78,-0.05677346824058449,17.220090000000003,17.206136
04/04/2024,16.07,6617,16.19,16.34,16.07,16.07,-0.04231227651966629,17.240090000000002,17.181736
06/04/2024,16.45,2295,16.39,16.45,16.3606,16.45,0.023646546359676446,17.24059,17.164336
09/04/2024,18.92,4277,18.71,19.21,18.71,18.92,0.15015197568389071,17.372155,17.200536
10/04/2024,18.94,2935,18.87,19.0026,18.87,18.94,0.0010570824524311906,17.392654999999998,17.239736
11/04/2024,19.77,5879,19.55,19.818,19.55,19.77,0.04382259767687424,17.442155,17.297136000000002
12/04/2024,23.38,13816,23.36,23.6162,23.2687,23.38,0.1825998988366211,17.437655,17.425536
15/04/2024,15.34,12455,15.69,15.7599,15.34,15.34,-0.34388366124893066,17.347155,17.396935999999997
16/04/2024,15.3,6619,15.34,15.34,15.17,15.3,-0.0026075619295957697,17.270654999999998,17.371936
17/04/2024,15.11,4242,15.3,15.3,15.11,15.11,-0.012418300653594838,17.189155,17.310336000000003
18/04/2024,15.17,5810,15.15,15.399,15.15,15.17,0.003970880211780381,17.126155,17.283136
19/04/2024,15.24,12791,15.13,15.24,15.09,15.24,0.004614370468029039,17.067655000000002,17.265136
22/04/2024,15.19,5419,15.2,15.27,15.09,15.19,-0.0032808398950131545,16.994155,17.256135999999998
23/04/2024,15.5086,7124,15.17,15.55,15.17,15.5086,0.02097432521395648,16.934585000000002,17.247908
24/04/2024,15.47,6302,15.5,15.5,15.36,15.47,-0.0024889416194884273,16.878085,17.218908
25/04/2024,15.34,3445,15.4,15.4,15.2027,15.34,-0.008403361344537896,16.814585,17.146107999999998
26/04/2024,15.58,3162,15.44,15.59,15.44,15.58,0.015645371577575062,16.763085,16.984507999999998
29/04/2024,15.61,3327,15.68,15.68,15.56,15.61,0.0019255455712452463,16.69893,16.965708
30/04/2024,15.3,2917,15.52,15.52,15.27,15.3,-0.01985906470211396,16.61293,16.930308
01/05/2024,17.73,6887,17.68,17.9545,17.6701,17.73,0.15882352941176459,16.60993,16.938708000000002
02/05/2024,16.33,6196,16.42,16.42,16.245,16.33,-0.07896221094190647,16.587429999999998,16.919507999999997
03/05/2024,16.72,16490,16.75,16.91,16.6901,16.72,0.02388242498469073,16.61993,16.911507999999998
04/05/2024,16.04,2857,16.04,16.11,16.0,16.04,-0.04066985645933008,16.59943,16.890908
06/05/2024,16.41,5801,16.41,16.45,16.38,16.41,0.023067331670822977,16.47393,16.879708
07/05/2024,16.4824,16100,16.22,16.51,16.22,16.4824,0.004411943936623919,16.351049999999997,16.871756
08/05/2024,16.29,29834,15.9,16.57,15.54,16.29,-0.01167305732174917,16.17705,16.859356000000002
09/05/2024,18.72,4199,18.7,18.735,18.37,18.72,0.149171270718232,15.944049999999999,16.890356
11/05/2024,19.88,14624,19.79,19.96,19.7419,19.88,0.06196581196581197,16.17105,16.951356
12/05/2024,23.27,15738,23.38,23.44,23.09,23.27,0.17052313883299797,16.56955,17.079756
13/05/2024,15.61,2458,15.54,15.8,15.52,15.61,-0.32917920068758055,16.59455,17.035156
14/05/2024,16.06,4149,15.83,16.1162,15.83,16.06,0.028827674567584838,16.63905,17.032656
15/05/2024,15.95,5342,16.06,16.06,15.8504,15.95,-0.006849315068493067,16.67455,17.038256
16/05/2024,16.15,2376,16.19,16.19,16.085,16.15,0.012539184952978122,16.72255,17.032456
17/05/2024,16.27,6095,16.11,16.38,16.11,16.27,0.007430340557275539,16.760619999999996,17.032082
20/05/2024,16.49,17130,16.3,16.56,16.3,16.49,0.013521819299323834,16.811619999999998,16.991281999999998
21/05/2024,16.36,3661,16.49,16.59,16.29,16.36,-0.007883565797452974,16.86262,16.942882
22/05/2024,15.95,3761,16.04,16.0661,15.87,15.95,-0.02506112469437649,16.88112,16.792482
23/05/2024,15.6,5004,15.94,15.94,15.6,15.6,-0.021943573667711602,16.88062,16.761481999999997
24/05/2024,15.84,3012,15.73,15.8881,15.73,15.84,0.01538461538461533,16.90762,16.741681999999997
28/05/2024,16.0,10315,15.84,16.124,15.84,16.0,0.010101010101010166,16.82112,16.726882
29/05/2024,16.32,6942,16.0,16.32,16.0,16.32,0.020000000000000018,16.820619999999998,16.724682
30/05/2024,16.36,2553,15.98,16.42,15.98,16.36,0.002450980392156854,16.802619999999997,16.723682
31/05/2024,16.54,4832,16.42,16.66,16.42,16.54,0.011002444987775029,16.82762,16.721282000000002
02/06/2024,16.57,2431,16.4,16.57,16.4,16.57,0.0018137847642081262,16.83562,16.718681999999998
03/06/2024,16.85,3145,16.77,17.0099,16.77,16.85,0.016898008449004243,16.854000000000003,16.723682
05/06/2024,15.8,7927,15.67,15.8,15.67,15.8,-0.06231454005934722,16.8295,16.707482
06/06/2024,16.39,5293,16.54,16.54,16.325,16.39,0.03734177215189871,16.713,16.703082
08/06/2024,16.63,3789,16.34,16.6636,16.34,16.63,0.014643075045759568,16.5505,16.69782
09/06/2024,18.03,9286,18.66,18.83,17.92,18.03,0.08418520745640423,16.2885,16.71802
11/06/2024,20.65,28096,20.26,20.7,20.14,20.65,0.14531336661120342,16.540499999999998,16.77522
12/06/2024,23.79,16915,23.36,23.79,23.27,23.79,0.15205811138014536,16.927,16.91542
13/06/2024,15.95,5293,16.27,16.325,15.91,15.95,-0.3295502311895755,16.927,16.91302
14/06/2024,15.57,4209,15.73,15.73,15.57,15.57,-0.023824451410658254,16.898,16.89542
17/06/2024,15.89,5094,15.59,15.89,15.57,15.89,0.02055234425176633,16.879,16.83482
18/06/2024,15.89,6960,15.96,15.96,15.7116,15.89,0.0,16.849,16.77382
20/06/2024,15.89,13575,15.76,16.04,15.76,15.89,0.0,16.825499999999998,16.696219999999997
21/06/2024,15.76,3538,15.79,15.7957,15.72,15.76,-0.00818124606670867,16.816,16.543819999999997
24/06/2024,15.72,6374,15.84,15.92,15.7001,15.72,-0.0025380710659898,16.822,16.55142
25/06/2024,15.55,16270,15.6,15.6,15.52,15.55,-0.010814249363867656,16.8075,16.55642
26/06/2024,15.76,8941,15.55,15.76,15.55,15.76,0.013504823151125445,16.7955,16.569419999999997
27/06/2024,15.83,4489,15.65,15.9377,15.65,15.83,0.004441624365482344,16.771,16.58262
28/06/2024,16.01,8816,15.99,16.02,15.885,16.01,0.011370814908401972,16.7535,16.598019999999998
02/07/2024,16.445,3022,16.7,16.7,16.445,16.445,0.027170518425983614,16.748749999999998,16.62312
03/07/2024,17.03,5297,16.93,17.09,16.93,17.03,0.035573122529644285,16.77175,16.653548
05/07/2024,15.8,2087,15.78,15.8196,15.75,15.8,-0.07222548443922494,16.719250000000002,16.660148
06/07/2024,16.2,5083,16.43,16.43,16.18,16.2,0.025316455696202445,16.739250000000002,16.677348
08/07/2024,16.55,3855,16.96,17.08,16.54,16.55,0.021604938271605034,16.74725,16.696748
10/07/2024,18.92,2340,18.92,18.9383,18.85,18.92,0.14320241691842917,16.86175,16.762948
11/07/2024,20.66,12484,20.8,20.95,20.58,20.66,0.09196617336152202,16.99325,16.870148
15/07/2024,17.25,23362,17.11,17.35,17.09,17.25,-0.16505324298160695,16.82325,16.860547999999998
16/07/2024,17.51,5415,17.25,17.63,17.25,17.51,0.015072463768116107,16.50925,16.884148
17/07/2024,17.46,3342,17.41,17.635,17.23,17.46,-0.002855511136493516,16.584750000000003,16.898948
18/07/2024,16.98,2066,17.52,17.52,16.91,16.98,-0.027491408934707917,16.655250000000002,16.917748000000003
19/07/2024,16.85,1457,16.925,16.925,16.85,16.85,-0.007656065959952829,16.70325,16.926547999999997
22/07/2024,16.78,6545,16.86,16.99,16.711,16.78,-0.004154302670623111,16.74775,16.9325
23/07/2024,17.39,3119,16.78,17.39,16.78,17.39,0.03635280095351612,16.822750000000003,16.9545
24/07/2024,17.05,8538,17.26,17.35,17.05,17.05,-0.019551466359976954,16.88725,16.9211
25/07/2024,17.54,9823,16.97,17.7201,16.97,17.54,0.02873900293255116,16.97825,16.8743
26/07/2024,18.03,10470,17.71,18.1,17.675,18.03,0.02793614595210947,17.10225,16.7695
29/07/2024,17.76,4707,18.11,18.11,17.76,17.76,-0.014975041597337757,17.20225,16.8125
30/07/2024,17.7,2902,17.79,17.9699,17.62,17.7,-0.0033783783783785104,17.29575,16.8453
31/07/2024,18.03,3860,17.87,18.358,17.7937,18.03,0.01864406779661021,17.396750000000004,16.8869
01/08/2024,17.85,7803,17.57,17.9447,17.57,17.85,-0.009983361064891838,17.467000000000002,16.920900000000003
02/08/2024,16.58,4752,16.52,16.605,16.4677,16.58,-0.07114845938375369,17.444499999999998,16.9271
03/08/2024,17.05,3932,17.04,17.1799,17.0,17.05,0.028347406513872242,17.506999999999998,16.9383
04/08/2024,16.18,7110,16.19,16.2254,16.0,16.18,-0.05102639296187694,17.506,16.9347
05/08/2024,15.695,5845,15.65,15.7,15.585,15.695,-0.029975278121137205,17.46325,16.9296
07/08/2024,16.31,9733,16.53,16.6,16.251,16.31,0.039184453647658435,17.33275,16.9438
08/08/2024,17.43,4398,17.03,17.55,16.9124,17.43,0.06866952789699576,17.17125,16.9756
10/08/2024,18.92,4681,19.01,19.0718,18.9,18.92,0.08548479632816997,17.25475,17.034000000000002
11/08/2024,20.73,8412,20.55,20.73,20.5205,20.73,0.09566596194503174,17.41575,17.1222
13/08/2024,17.07,24316,17.27,17.38,16.81,17.07,-0.1765557163531114,17.396250000000002,17.1364
14/08/2024,17.14,1290,17.13,17.16,17.13,17.14,0.00410076157000594,17.40425,17.1484
15/08/2024,18.17,13667,17.21,18.39,17.21,18.17,0.06009334889148188,17.47025,17.180400000000002
16/08/2024,18.53,8940,18.57,18.9899,18.4009,18.53,0.019812878370941034,17.557750000000002,17.214000000000002
19/08/2024,19.57,26097,18.5,19.57,18.5,19.57,0.05612520237452778,17.66675,17.2894
20/08/2024,19.14,6813,19.73,19.73,19.07,19.14,-0.02197240674501788,17.77125,17.3444
21/08/2024,19.59,16769,19.21,19.81,19.205,19.59,0.023510971786833812,17.87375,17.403599999999997
22/08/2024,19.19,16763,19.6,19.6,19.1501,19.19,-0.020418580908626804,17.93175,17.4268
23/08/2024,19.37,4530,19.29,19.5,19.29,19.37,0.009379885356956663,18.01225,17.401200000000003
26/08/2024,19.4399,7858,19.49,19.49,19.1712,19.4399,0.0036086732059885662,18.099245000000003,17.314197999999998
27/08/2024,19.09,5963,19.33,19.33,19.09,19.09,-0.017999063781192426,18.152245,17.376998
28/08/2024,18.43,10899,18.9,18.9,18.41,18.43,-0.03457307490832895,18.181245,17.434198
29/08/2024,18.88,7060,18.5823,18.97,18.5823,18.88,0.024416711882799813,18.296245000000003,17.493997999999998
30/08/2024,18.89,2628,18.975,19.0,18.7206,18.89,0.0005296610169491789,18.388245,17.553998
01/09/2024,17.69,3518,17.65,17.72,17.65,17.69,-0.06352567496029637,18.463745,17.589998
02/09/2024,16.77,4218,16.58,16.8,16.58,16.77,-0.0520067834934993,18.517495000000004,17.610198
04/09/2024,16.22,5020,16.19,16.28,16.19,16.22,-0.032796660703637515,18.512995,17.620198000000002
05/09/2024,15.68,4205,15.65,15.74,15.57,15.68,-0.03329223181257701,18.425495,17.622798
07/09/2024,16.39,4916,16.41,16.42,16.27,16.39,0.0452806122448981,18.298994999999998,17.635398000000002
08/09/2024,17.39,9133,17.76,17.82,17.2401,17.39,0.06101281269066505,18.131995,17.666598
09/09/2024,18.14,3235,18.21,18.44,18.0501,18.14,0.043128234617596295,18.185495,17.709198
10/09/2024,18.88,3939,18.89,18.9101,18.84,18.88,0.040793825799338324,18.272495,17.757898
12/09/2024,23.385,17400,24.08,24.08,23.32,23.385,0.23861228813559343,18.533245,17.884998
13/09/2024,18.86,52894,18.25,19.33,18.25,18.86,-0.1935001069061365,18.549745,17.946198000000003
16/09/2024,18.96,3709,18.86,19.0,18.7,18.96,0.005302226935312904,18.519245,18.001398
17/09/2024,18.63,6491,18.94,19.07,18.6078,18.63,-0.017405063291139333,18.493745,18.042998
18/09/2024,18.76,5859,18.87,19.16,18.69,18.76,0.006977992485238893,18.452244999999998,18.039798
19/09/2024,19.2268,11682,19.0,19.31,18.99,19.2268,0.024882729211087362,18.454085,18.011134
20/09/2024,19.1,5508,19.09,19.1,19.0,19.1,-0.006594961199991589,18.440585,18.048134
23/09/2024,19.03,356939,19.16,19.16,18.88,19.03,-0.00366492146596864,18.420090000000002,18.078534
24/09/2024,18.83,9034,19.09,19.09,18.83,18.83,-0.010509721492380608,18.40709,18.105934
25/09/2024,18.99,28620,18.87,19.13,18.87,18.99,0.00849707912904929,18.43509,18.146134
26/09/2024,19.18,2444,19.16,19.18,19.13,19.18,0.010005265929436513,18.45009,18.192734
27/09/2024,19.43,18574,19.0,19.56,19.0,19.43,0.013034410844629862,18.47709,18.245734
30/09/2024,19.21,14512,19.48,19.48,19.1001,19.21,-0.011322696860524895,18.55309,18.282134
01/10/2024,18.2,6186,17.66,18.26,17.66,18.2,-0.05257678292555967,18.624589999999998,18.305134
04/10/2024,15.97,8746,15.92,15.97,15.8301,15.97,-0.12252747252747243,18.612090000000002,18.273734
05/10/2024,15.52,6223,15.64,15.655,15.48,15.52,-0.028177833437695754,18.60409,18.223534
06/10/2024,15.96,20546,16.04,16.04,15.35,15.96,0.028350515463917647,18.582590000000003,18.187534
07/10/2024,16.36,6646,16.45,16.49,16.33,16.36,0.025062656641603898,18.53109,18.160734
09/10/2024,18.23,6380,18.19,18.23,17.72,18.23,0.11430317848410754,18.53559,18.164734
10/10/2024,18.8,1428,18.72,18.8001,18.72,18.8,0.031267142073505116,18.53159,18.183734
12/10/2024,23.08,13210,23.36,23.54,23.06,23.08,0.22765957446808494,18.51634,18.313734
14/10/2024,19.27,10352,19.05,19.345,19.05,19.27,-0.16507798960138642,18.536839999999998,18.358134
15/10/2024,19.32,5038,19.27,19.39,19.181,19.32,0.002594706798131785,18.55484,18.420934
16/10/2024,19.63,4179,19.23,19.63,19.23,19.63,0.016045548654244346,18.604840000000003,18.499634
17/10/2024,19.73,2973,19.64,19.79,19.6001,19.73,0.005094243504839557,18.65334,18.568034
18/10/2024,19.62,9635,19.73,19.84,19.53,19.62,-0.005575266092245235,18.673,18.611834
21/10/2024,19.42,9712,19.62,19.64,19.26,19.42,-0.010193679918450549,18.689,18.621834
22/10/2024,19.29,4094,19.385,19.385,19.27,19.29,-0.006694129763130885,18.701999999999998,18.593034
23/10/2024,18.96,4306,19.17,19.29,18.9496,18.96,-0.01710730948678063,18.7085,18.630834
24/10/2024,19.01,1879,19.05,19.3499,18.9872,19.01,0.0026371308016877038,18.7095,18.668234
25/10/2024,18.96,8781,19.13,19.145,18.9,18.96,-0.002630194634402949,18.6985,18.684034
28/10/2024,19.35,14381,19.35,19.4975,19.115,19.35,0.020569620253164667,18.694499999999998,18.700434
29/10/2024,19.26,5703,19.21,19.3789,19.12,19.26,-0.0046511627906976605,18.697,18.694233999999998
30/10/2024,19.25,5613,19.3,19.5401,19.25,19.25,-0.0005192107995847239,18.7495,18.696434
31/10/2024,18.93,3312,18.96,19.09,18.93,18.93,-0.01662337662337665,18.8975,18.683234000000002
01/11/2024,17.71,7138,18.01,18.0535,17.66,17.71,-0.06444796619123083,19.006999999999998,18.653634
03/11/2024,17.29,5835,17.05,17.305,17.05,17.29,-0.02371541501976293,19.0735,18.612034
04/11/2024,16.05,11617,16.01,16.0975,15.81,16.05,-0.07171775592828211,19.058,18.544236
06/11/2024,16.27,3359,15.96,16.284,15.8611,16.27,0.013707165109034136,18.96,18.487836
07/11/2024,16.72,6096,16.39,16.77,16.39,16.72,0.027658266748616933,18.856,18.453636000000003
09/11/2024,18.4,2574,18.14,18.4644,18.0,18.4,0.1004784688995215,18.622,18.444036
10/11/2024,19.05,1715,18.77,19.05,18.77,19.05,0.03532608695652195,18.611,18.447235999999997
11/11/2024,21.5,27718,21.2,21.5,21.192,21.5,0.1286089238845145,18.720000000000002,18.523436
12/11/2024,23.12,21923,23.3,23.3,22.85,23.12,0.0753488372093023,18.8945,18.650436
13/11/2024,21.78,96170,21.69,22.57,21.69,21.78,-0.05795847750865046,18.997,18.761636
14/11/2024,21.44,46164,22.18,22.32,21.36,21.44,-0.015610651974288348,19.088,18.876836
15/11/2024,21.36,22646,21.5,21.5,21.04,21.36,-0.003731343283582156,19.185,18.976236
18/11/2024,21.41,19837,21.38,21.54,21.2738,21.41,0.002340823970037542,19.291,19.056635999999997
19/11/2024,21.72,66027,21.38,21.89,20.93,21.72,0.014479215319943783,19.429,19.128236
20/11/2024,21.57,16286,21.72,21.72,21.3901,21.57,-0.006906077348066253,19.557,19.182036
21/11/2024,22.23,25086,21.51,22.3724,21.3766,22.23,0.030598052851182223,19.7205,19.158936
22/11/2024,22.88,42298,22.66,22.9858,22.45,22.88,0.029239766081871288,19.897,19.239336
25/11/2024,23.38,61343,23.17,23.54,23.018,23.38,0.021853146853146876,20.103,19.327736
26/11/2024,23.12,16845,23.16,23.555,23.08,23.12,-0.01112061591103497,20.2965,19.417536
27/11/2024,23.35,16788,23.3,23.58,23.1655,23.35,0.009948096885813218,20.517500000000002,19.509335999999998
29/11/2024,24.17,31552,23.74,24.259,23.51,24.17,0.03511777301927199,20.8405,19.6082
01/12/2024,17.69,3076,17.71,17.89,17.69,17.69,-0.2681009515928837,20.860500000000002,19.58
02/12/2024,17.06,22479,16.84,17.2,16.84,17.06,-0.03561334087054846,20.911,19.5406
03/12/2024,17.2419,10257,17.3,17.3,17.1,17.2419,0.010662368112544174,20.959595,19.508838
04/12/2024,15.7,4420,15.7311,15.76,15.6501,15.7,-0.08942749928952154,20.908595,19.443037999999998
06/12/2024,16.27,2535,16.5201,16.5201,16.27,16.27,0.036305732484076536,20.802095,19.384838000000002
07/12/2024,17.1,5924,17.0,17.16,17.0,17.1,0.051014136447449454,20.704595,19.338238
08/12/2024,17.09,3313,17.35,17.35,17.07,17.09,-0.0005847953216374657,20.484095,19.295838
09/12/2024,18.31,3454,18.29,18.44,18.16,18.31,0.07138677589233455,20.243595,19.298038000000002
11/12/2024,20.95,15028,21.29,21.45,20.92,20.95,0.14418350628072085,20.202095,19.397638
12/12/2024,22.74,119892,23.06,23.1,22.7,22.74,0.08544152744630074,20.267095,19.542038
13/12/2024,22.96,102000,22.75,22.96,22.5112,22.96,0.009674582233949014,20.347095000000003,19.682038
16/12/2024,23.38,111472,22.96,23.45,22.64,23.38,0.018292682926829285,20.445595,19.822438
17/12/2024,23.35,33628,23.42,23.42,22.95,23.35,-0.001283147989734723,20.527095,19.924838
18/12/2024,22.23,77462,23.36,23.54,22.12,22.23,-0.04796573875803001,20.560095,19.993438
19/12/2024,22.24,68286,22.48,22.81,22.05,22.24,0.0004498425551056062,20.560595,19.976638
20/12/2024,22.82,27141,21.77,23.0331,21.64,22.82,0.026079136690647653,20.557595,20.047638
23/12/2024,23.0,20804,23.02,23.09,22.62,23.0,0.007887817703768674,20.538595,20.121238
24/12/2024,23.48,22075,23.09,23.48,22.8195,23.48,0.02086956521739136,20.556595,20.198238
26/12/2024,24.23,35078,23.33,24.25,23.33,24.23,0.03194207836456564,20.600595,20.288238
27/12/2024,23.87,37512,24.14,24.1624,23.62,23.87,-0.014857614527445273,20.585595,20.373238
30/12/2024,23.43,25553,23.43,23.53,22.85,23.43,-0.018433179723502335,20.872594999999997,20.453438000000002
31/12/2024,23.22,55529,23.65,23.65,23.0548,23.22,-0.008962868117797784,21.180595,20.532037999999996
04/01/2025,21.77,23804,21.59,22.05,21.52,21.77,-0.06244616709732986,21.407,20.588238
05/01/2025,22.35,8933,22.365,22.58,22.27,22.35,0.02664216812126785,21.7395,20.655038
07/01/2025,28.59,95877,28.57,28.878,28.36,28.59,0.2791946308724831,22.3555,20.847638000000003
08/01/2025,29.4575,128884,29.1,29.7,28.71,29.4575,0.030342777194823256,22.973374999999997,21.049788
10/01/2025,36.2213,87811,35.55,36.2731,35.3635,36.2213,0.2296121531019264,23.92994,21.389014000000003
12/01/2025,32.4766,135885,33.0,33.0,32.45,32.4766,-0.10338392051085965,24.63827,21.653546000000002
13/01/2025,22.09,93183,22.35,22.37,21.8301,22.09,-0.3198179612397849,24.69527,21.716745999999997
14/01/2025,22.07,29771,22.38,22.47,21.92,22.07,-0.0009053870529651675,24.66177,21.803945999999996
15/01/2025,22.62,18782,22.49,22.7699,22.341,22.62,0.02492070684186687,24.64477,21.910546
16/01/2025,22.73,27219,22.62,22.7577,22.4665,22.73,0.004862953138815129,24.61227,22.044146
17/01/2025,22.93,28187,22.9,23.06,22.86,22.93,0.008798944126704678,24.59127,22.177346000000004
21/01/2025,25.0,103676,23.43,25.042,23.43,25.0,0.09027474923680767,24.72977,22.342946
22/01/2025,24.77,97779,25.04,25.09,24.58,24.77,-0.009199999999999986,24.856270000000002,22.470346
23/01/2025,24.95,87296,24.56,25.01,24.3,24.95,0.007266855066612843,24.96277,22.588345999999998
24/01/2025,25.39,48956,25.26,25.65,25.14,25.39,0.01763527054108227,25.08227,22.666145999999998
27/01/2025,24.52,39336,24.91,25.055,24.4,24.52,-0.03426545884206389,25.134269999999997,22.694146
28/01/2025,24.69,46227,24.96,24.9927,24.1701,24.69,0.006933115823817282,25.15727,22.752346000000003
29/01/2025,23.92,71483,24.7,24.7,23.75,23.92,-0.031186715269339804,25.15977,22.801946
30/01/2025,24.3,22853,24.29,24.51,24.05,24.3,0.015886287625417994,25.20327,22.860746
31/01/2025,24.58,59469,24.44,25.1793,24.31,24.58,0.011522633744855959,25.271269999999998,22.924146
01/02/2025,23.31,37433,23.25,23.7599,23.0801,23.31,-0.05166802278275018,25.34827,22.955945999999997
04/02/2025,22.31,37184,21.41,22.45,21.41,22.31,-0.0429000429000429,25.346269999999997,22.970746
05/02/2025,22.73,24642,22.5,23.15,22.5,22.73,0.01882563872702825,25.05327,22.980746
06/02/2025,24.37,86933,24.32,24.485,23.897,24.37,0.07215134183897942,24.798895,23.010545999999998
07/02/2025,29.09,73766,28.62,29.09,28.5,29.09,0.19368075502667215,24.442330000000002,23.124746000000002
09/02/2025,33.75,99054,33.38,33.7894,33.2066,33.75,0.16019250601581292,24.506,23.337345999999997
10/02/2025,37.58,393843,36.66,37.73,36.49,37.58,0.11348148148148152,25.280499999999996,23.621946
12/02/2025,32.9342,66918,32.57,33.07,32.57,32.9342,-0.12362426822778072,25.82371,23.79723
13/02/2025,25.59,39425,25.28,25.6299,25.1668,25.59,-0.22299615597160394,25.97221,23.955229999999997
14/02/2025,25.53,67438,25.82,25.85,25.335,25.53,-0.0023446658851112856,26.112209999999997,24.124629999999996
18/02/2025,25.77,68768,25.83,26.365,25.6,25.77,0.009400705052878822,26.25421,24.295191999999997
19/02/2025,25.47,83965,25.89,26.11,25.4,25.47,-0.011641443538998875,26.277710000000003,24.490591999999996
20/02/2025,25.14,174034,25.43,25.43,24.62,25.14,-0.012956419316843326,26.296210000000002,24.667991999999998
21/02/2025,24.12,366682,25.27,25.3,24.08,24.12,-0.04057279236276845,26.25471,24.808391999999998
24/02/2025,23.86,117629,24.32,24.32,23.6001,23.86,-0.010779436152570598,26.17821,24.943792
25/02/2025,23.2,170876,23.63,23.75,22.9676,23.2,-0.027661357921207053,26.112209999999997,25.041592
26/02/2025,23.54,137206,23.6,23.99,23.47,23.54,0.014655172413793105,26.05471,25.093391999999998
27/02/2025,23.38,93863,23.91,24.18,23.32,23.38,-0.00679694137638065,26.027710000000003,25.106191999999997
28/02/2025,23.53,123523,22.81,23.58,22.77,23.53,0.006415739948674171,25.989209999999996,25.117592
01/03/2025,24.19,47685,23.46,24.2092,23.46,24.19,0.028049298767530706,25.96971,25.133792
02/03/2025,24.34,53159,23.74,24.4896,23.55,24.34,0.0062009094667216935,26.021210000000004,25.153592000000003
03/03/2025,22.97,153881,23.91,24.005,22.735,22.97,-0.056285949055053464,26.05421,25.168391999999997
04/03/2025,21.07,32348,21.53,21.53,21.07,21.07,-0.08271658685241612,25.971209999999996,25.144992000000002
06/03/2025,24.6,43937,24.5,24.75,24.4104,24.6,0.16753678215472245,25.982709999999997,25.180592
07/03/2025,29.47,64144,29.13,29.47,29.13,29.47,0.19796747967479655,26.001709999999996,25.309992
09/03/2025,32.9693,138530,33.85,33.85,32.7995,32.9693,0.1187410926365795,25.962675,25.499778000000003
10/03/2025,38.26,162666,37.79,38.3696,37.637,38.26,0.16047353143682153,25.996675,25.780378
11/03/2025,36.81,151555,37.69,37.69,36.61,36.81,-0.0378985886042863,26.190465,26.039177999999996
12/03/2025,33.8316,118148,33.13,33.85,32.97,33.8316,-0.08091279543602281,26.602545,26.247209999999995
13/03/2025,22.24,17699,22.51,22.57,22.04,22.24,-0.34262642026980705,26.438045,26.22761
14/03/2025,22.84,18370,22.46,22.9,22.46,22.84,0.026978417266187105,26.291544999999996,26.249010000000002
17/03/2025,23.28,22016,22.95,23.3964,22.95,23.28,0.019264448336252293,26.182045,26.26761
18/03/2025,22.64,26639,23.01,23.01,22.535,22.64,-0.027491408934707917,26.057045,26.148609999999998
19/03/2025,22.94,12107,22.72,23.0799,22.61,22.94,0.013250883392226243,25.998044999999998,26.01826
20/03/2025,22.75,7778,22.97,22.97,22.61,22.75,-0.008282476024411567,25.942545000000003,25.748834
21/03/2025,22.59,14760,22.39,22.6,22.1501,22.59,-0.007032967032967075,25.912045,25.551102
24/03/2025,23.61,21093,22.92,23.61,22.92,23.61,0.04515272244355906,25.915544999999998,25.581502
25/03/2025,23.79,15433,23.77,23.79,23.5299,23.79,0.007623888182973326,25.936045,25.615902000000002
26/03/2025,23.34,11367,23.83,23.84,23.304,23.34,-0.018915510718789386,25.926544999999997,25.630302
27/03/2025,23.0,7092,23.24,23.3356,22.94,23.0,-0.014567266495287057,25.867045,25.635702000000002
28/03/2025,22.24,16661,22.99,23.025,22.2,22.24,-0.03304347826086962,25.762045,25.621901999999995
31/03/2025,22.07,27736,21.95,22.15,21.702,22.07,-0.007643884892086228,25.717044999999995,25.563302
02/04/2025,24.86,16220,24.45,24.9,24.45,24.86,0.12641594925237865,25.906545,25.565101999999996
03/04/2025,23.15,363591,22.7,23.66,22.495,23.15,-0.06878519710378117,25.834045000000003,25.529102
04/04/2025,19.61,33519,20.48,20.48,19.32,19.61,-0.15291576673866092,25.341045,25.413501999999998
06/04/2025,25.0,90601,24.42,25.0678,24.42,25.0,0.27485976542580315,24.94258,25.423102
08/04/2025,30.1271,85559,29.73,30.18,29.73,30.1271,0.20508400000000004,24.535935000000002,25.531844
09/04/2025,33.1934,77695,33.11,33.2,32.77,33.1934,0.10177879716268734,24.355105000000002,25.717311999999996
11/04/2025,35.63,208948,35.92,36.25,35.58,35.63,0.07340615905571601,24.445024999999998,25.943912
12/04/2025,35.38,165474,33.99,35.52,33.96,35.38,-0.007016559079427442,25.102024999999998,26.159912
14/04/2025,21.26,11225,21.63,21.63,21.05,21.26,-0.399095534200113,25.023025,26.118912
15/04/2025,21.45,13199,21.26,21.72,21.26,21.45,0.008936970837252867,24.931525,26.101712000000003
16/04/2025,21.12,17912,21.17,21.3479,20.69,21.12,-0.01538461538461533,24.855525,26.069512
17/04/2025,21.26,4545,21.32,21.405,21.0859,21.26,0.006628787878787845,24.771525,26.007312
21/04/2025,20.8,32874,21.05,21.08,20.3709,20.8,-0.021636876763875823,24.674025,25.841512
22/04/2025,20.72,23206,21.28,21.28,20.52,20.72,-0.0038461538461539435,24.580525,25.580912
23/04/2025,21.2,31610,21.2,21.82,21.1671,21.2,0.02316602316602312,24.460024999999998,25.253311999999998
24/04/2025,21.96,13413,20.98,21.96,20.98,21.96,0.03584905660377369,24.368524999999998,25.033828
25/04/2025,22.31,6946,21.89,22.31,21.89,22.31,0.015938069216757667,24.317025,24.968228
28/04/2025,22.51,8211,22.32,22.76,22.265,22.51,0.008964589870013473,24.292525,24.907828
29/04/2025,22.49,113384,22.39,22.58,22.325,22.49,-0.0008884940026656629,24.305025,24.842228
30/04/2025,22.34,7875,22.15,22.34,21.61,22.34,-0.0066696309470875015,24.318525,24.779628000000002
02/05/2025,24.82,89446,24.8,25.0,24.635,24.82,0.1110116383169204,24.316525,24.773228
03/05/2025,24.15,148378,23.38,24.1531,23.22,24.15,-0.02699435938759076,24.366525000000003,24.773828
05/05/2025,22.8,6870,22.62,22.9151,22.6,22.8,-0.055900621118012306,24.526024999999997,24.752628
06/05/2025,25.66,86691,25.15,25.66,25.13,25.66,0.12543859649122813,24.559025,24.801827999999997
08/05/2025,30.2953,82514,30.36,30.59,30.07,30.2953,0.18064302416211997,24.567435,24.936934
09/05/2025,33.4727,76494,33.49,33.6682,33.25,33.4727,0.10488095513165407,24.581400000000002,25.138787999999998
11/05/2025,35.8895,83114,35.6,35.98,35.3557,35.8895,0.07220212292405437,24.594375000000003,25.385978
12/05/2025,35.74,161717,35.51,35.9699,35.3,35.74,-0.004165563744270462,24.612375,25.616978
13/05/2025,23.77,17542,23.67,23.906,23.55,23.77,-0.33491885842193625,24.737875,25.605577999999994
14/05/2025,24.02,17684,23.82,24.09,23.74,24.02,0.010517458981909922,24.866374999999998,25.626578
15/05/2025,24.47,21814,23.83,24.505,23.83,24.47,0.01873438800999172,25.033875000000002,25.694577999999996
16/05/2025,24.78,31869,24.74,24.9299,24.5101,24.78,0.012668573763792601,25.209875,25.698178
19/05/2025,24.51,20751,24.46,24.57,24.22,24.51,-0.010895883777239712,25.395374999999998,25.598978000000002
20/05/2025,24.48,9574,24.33,24.7399,24.33,24.48,-0.001223990208078396,25.583375,25.429191999999997
21/05/2025,24.17,18740,24.73,24.73,24.0,24.17,-0.012663398692810413,25.731875000000002,25.147392
22/05/2025,24.35,153822,23.79,24.58,23.695,24.35,0.007447248655357841,25.851375,24.898192000000005
23/05/2025,24.21,162562,24.1,24.3496,24.0,24.21,-0.005749486652977476,25.946375,24.70576
27/05/2025,25.11,69609,24.58,25.21,24.4476,25.11,0.037174721189590976,26.076375000000002,24.763160000000003
28/05/2025,25.09,48011,25.17,25.45,24.9712,25.09,-0.0007964954201513663,26.206374999999998,24.808159999999997
29/05/2025,24.76,119117,25.37,25.4799,24.6,24.76,-0.013152650458349902,26.327375,24.83776
30/05/2025,24.39,237596,24.59,24.59,24.1,24.39,-0.014943457189014575,26.305875000000004,24.872760000000003
01/06/2025,24.35,55448,24.51,24.72,24.2956,24.35,-0.0016400164001639794,26.315875,24.90096
02/06/2025,25.13,30493,25.14,25.36,24.95,25.13,0.03203285420944546,26.432375,24.94856
03/06/2025,23.41,116618,23.85,24.31,23.195,23.41,-0.06844409072821322,26.319875000000003,24.964959999999998
05/06/2025,22.61,33637,22.34,22.885,22.31,22.61,-0.03417343015805219,25.935610000000004,24.944960000000002
06/06/2025,25.7,64835,25.58,25.74,25.375,25.7,0.13666519239274666,25.546974999999996,24.98316
08/06/2025,31.0016,115677,30.51,31.15,30.4853,31.0016,0.20628793774319076,25.30258,25.136391999999997
10/06/2025,39.2154,198408,39.01,39.46,38.62,39.2154,0.2649476156069366,25.476350000000004,25.460699999999996
11/06/2025,34.07,139729,35.45,35.45,34.02,34.07,-0.13120865782320212,25.99135,25.6973
13/06/2025,25.87,28637,25.68,26.23,25.5586,25.87,-0.2406809509832697,26.08385,25.7733
16/06/2025,26.82,62069,26.34,26.97,26.3268,26.82,0.03672207189795129,26.201349999999998,25.8125
17/06/2025,26.1,65557,26.35,26.42,25.941,26.1,-0.02684563758389258,26.26735,25.8715
18/06/2025,26.59,42788,26.35,26.7177,26.35,26.59,0.018773946360153282,26.37135,26.011100000000003
20/06/2025,26.84,57280,26.92,27.24,26.7437,26.84,0.00940203083866109,26.48935,26.0479
23/06/2025,27.43,71606,26.93,27.43,26.48,27.43,0.021982116244411376,26.652350000000002,25.993958
24/06/2025,27.73,54970,27.69,27.8182,27.42,27.73,0.010936930368210085,26.821350000000002,25.88469
25/06/2025,27.62,39497,27.82,27.82,27.51,27.62,-0.0039668229354489215,26.99185,25.724489999999996
26/06/2025,28.54,158737,27.89,28.61,27.81,28.54,0.03330919623461259,27.163349999999998,25.587690000000002
27/06/2025,28.74,238728,28.64,29.2893,28.47,28.74,0.00700770847932719,27.345850000000002,25.73729
30/06/2025,28.74,63425,28.96,28.96,28.625,28.74,0.0,27.544849999999997,25.883090000000003
01/07/2025,23.73,58456,24.46,24.5,23.61,23.73,-0.17432150313152395,27.51185,25.93529
02/07/2025,25.04,22396,25.29,25.665,24.9823,25.04,0.05520438263801086,27.54635,26.010890000000003
03/07/2025,23.49,90660,22.82,23.61,22.645,23.49,-0.061900958466453715,27.464350000000003,26.06469
04/07/2025,19.56,58611,18.55,20.325,18.4,19.56,-0.16730523627075355,27.27185,26.04149
05/07/2025,22.87,10530,22.79,22.8957,22.646,22.87,0.16922290388548067,27.28485,26.07489
07/07/2025,29.62,69362,29.64,29.64,29.2597,29.62,0.29514648010494104,27.480850000000004,26.22809
08/07/2025,30.23,120945,30.87,30.8806,30.08,30.23,0.02059419311276156,27.442269999999997,26.386490000000002
10/07/2025,39.02,169241,39.17,39.26,38.21,39.02,0.29077075752563686,27.432499999999997,26.716690000000003
11/07/2025,34.42,132419,33.56,34.555,33.2501,34.42,-0.11788826242952333,27.45,26.955290000000005
14/07/2025,30.07,73558,29.66,30.179,29.53,30.07,-0.12638001162115053,27.660000000000004,27.10989
15/07/2025,30.12,38831,30.15,30.3479,30.0001,30.12,0.0016627868307284022,27.825,27.215889999999998
16/07/2025,30.47,47856,30.35,30.49,29.7,30.47,0.011620185922974757,28.0435,27.34229
17/07/2025,31.47,107685,30.645,31.52,30.53,31.47,0.032819166393173616,28.2875,27.51569
18/07/2025,31.4027,77373,31.56,31.56,31.09,31.4027,-0.002138544645694296,28.515635000000003,27.630544
21/07/2025,30.88,136295,31.445,31.74,30.71,30.88,-0.01664506555168821,28.688135,27.642238
22/07/2025,30.6734,185926,30.71,30.7531,30.04,30.6734,-0.006690414507771969,28.835304999999998,27.586252000000005
23/07/2025,31.6,63355,30.72,31.6,30.72,31.6,0.030208584636851388,29.034305,27.500462000000002
24/07/2025,30.9891,297187,31.58,31.58,30.9,30.9891,-0.01933227848101271,29.15676,27.405444000000003
25/07/2025,30.71,143869,30.87,30.87,30.35,30.71,-0.009006392570290789,29.25526,27.544244000000003
28/07/2025,30.2,121235,30.53,30.53,30.1307,30.2,-0.0166069684141974,29.32826,27.667844
29/07/2025,29.735,464703,30.31,30.31,29.5,29.735,-0.015397350993377468,29.628510000000006,27.773144000000002
30/07/2025,29.95,256246,29.88,30.21,29.65,29.95,0.007230536404910115,29.87401,27.876544
31/07/2025,29.66,317412,29.95,30.05,29.47,29.66,-0.009682804674457368,30.182509999999997,27.979543999999997
01/08/2025,23.25,103083,23.43,23.53,23.0,23.25,-0.2161159811193527,30.36701,27.954944
04/08/2025,19.41,35732,20.46,20.68,19.11,19.41,-0.16516129032258065,30.194010000000002,27.859744
05/08/2025,23.17,66905,23.23,23.37,22.95,23.17,0.19371458011334375,29.87151,27.836144
07/08/2025,29.97,78572,29.78,30.06,29.6105,29.97,0.29348295209322384,29.858510000000003,27.951344000000002
08/08/2025,30.1378,57388,30.65,30.66,30.0509,30.1378,0.005598932265598933,29.4144,28.0519
09/08/2025,34.82,119480,34.07,34.8637,34.07,34.82,0.15535971437862095,29.4344,28.2465
10/08/2025,40.2,247716,39.69,40.549,39.69,40.2,0.15450890292935093,29.9409,28.555300000000003
12/08/2025,36.0373,86447,36.15,36.23,35.475,36.0373,-0.10354975124378107,30.236765000000002,28.788246
13/08/2025,30.9514,134148,30.83,30.98,30.53,30.9514,-0.14112877490822018,30.260834999999997,28.920274
14/08/2025,30.6761,40295,30.73,30.9786,30.39,30.6761,-0.008894589582377432,30.22114,29.031196
15/08/2025,30.68,23186,30.69,30.85,30.459,30.68,0.00012713480527182242,30.185005,29.176596000000004
18/08/2025,30.8296,53272,30.67,31.0791,30.54,30.8296,0.004876140808344198,30.182484999999996,29.340987999999996
19/08/2025,29.7852,69113,30.83,30.83,29.74,29.7852,-0.03387653423982151,30.138074999999997,29.422691999999998
20/08/2025,29.7067,79430,29.67,29.79,29.2401,29.7067,-0.002635537112391284,30.04341,29.396794
21/08/2025,29.8249,21273,29.5,29.8907,29.5,29.8249,0.003978900382741957,29.985200000000003,29.208984
22/08/2025,30.7793,64684,29.99,30.8594,29.9132,30.7793,0.03200010729289948,29.988665000000005,29.143170000000005
25/08/2025,30.9632,53578,30.79,31.33,30.75,30.9632,0.005974794748418555,30.026824999999995,29.245034
26/08/2025,33.0,187218,32.65,33.5,32.65,33.0,0.065781314592807,30.190075,29.368634
27/08/2025,33.6563,94526,33.33,33.85,33.12,33.6563,0.0198878787878789,30.37539,29.519759999999998
28/08/2025,33.6688,82720,33.8,33.8,33.26,33.6688,0.0003714014909539376,30.575830000000003,29.661336000000002
29/08/2025,33.89,105873,33.49,33.95,33.21,33.89,0.006569880720429744,31.10783,29.802336
04/09/2025,21.61,67481,19.21,21.68,19.21,21.61,-0.3623487754499852,31.21783,29.685936
05/09/2025,23.0,23072,23.36,23.36,22.8,23.0,0.06432207311429905,31.20933,29.591336000000002
06/09/2025,26.15,82699,25.8,26.34,25.62,26.15,0.13695652173913042,31.01833,29.561936
07/09/2025,29.93,78473,30.17,30.21,29.5901,29.93,0.1445506692160612,31.00794,29.589736
09/09/2025,34.5838,105058,34.85,34.85,34.14,34.5838,0.15548947544269942,30.99613,29.706612
10/09/2025,40.29,108860,40.48,40.62,40.0437,40.29,0.16499632776039652,31.00063,29.937611999999998
12/09/2025,36.31,51143,36.01,36.53,35.88,36.31,-0.098783817324398,31.014265,30.189212
15/09/2025,34.92,88196,34.41,34.93,34.41,34.92,-0.03828146516111264,31.212695000000004,30.386812
16/09/2025,34.38,98153,34.81,34.81,34.375,34.38,-0.015463917525773141,31.39789,30.604611999999996
17/09/2025,34.73,62965,34.3,35.05,34.1601,34.73,0.010180337405468087,31.600389999999997,30.908012
18/09/2025,34.45,85731,35.01,35.01,34.26,34.45,-0.008062194068528483,31.78141,31.139612000000003
19/09/2025,34.92,50137,34.79,35.107,34.57,34.92,0.013642960812772165,32.03815,31.245612
22/09/2025,35.74,80411,35.0,35.74,34.76,35.74,0.023482245131729584,32.339815,31.355812
23/09/2025,36.0627,94737,35.61,36.4,35.5,36.0627,0.009029099048684985,32.651705,31.296666000000002
24/09/2025,35.45,70365,36.23,36.3,35.44,35.45,-0.01698985378243989,32.885239999999996,31.317266000000004
25/09/2025,34.81,80144,34.83,35.1982,34.4,34.81,-0.01805359661495065,33.07758,31.412066
26/09/2025,35.07,42623,35.14,35.25,34.8,35.07,0.007469118069520109,33.18108,31.511066
29/09/2025,35.55,55251,35.51,35.5899,35.34,35.55,0.013686911890504527,33.275765,31.612666
30/09/2025,35.6748,46345,35.45,35.72,35.01,35.6748,0.003510548523206758,33.376065,31.696762
01/10/2025,22.85,30479,22.96,23.06,22.515,22.85,-0.35949185419399676,32.824065000000004,31.525707999999998
02/10/2025,26.06,124641,25.21,26.28,25.21,26.06,0.14048140043763668,33.046565,31.429308000000002
03/10/2025,22.51,67556,23.06,23.06,22.25,22.51,-0.1362240982348426,33.022065,31.266039999999997
04/10/2025,20.75,36977,20.96,21.1509,20.365,20.75,-0.07818747223456246,32.752065,31.04904
06/10/2025,25.93,51460,26.22,26.245,25.6277,25.93,0.24963855421686754,32.552065,30.947858
07/10/2025,30.14,47037,29.94,30.26,29.8,30.14,0.16236020053991518,32.329875,30.936458
09/10/2025,33.75,75753,34.81,34.9,33.65,33.75,0.11977438619774383,32.002875,31.007457999999996
10/10/2025,38.29,189128,40.51,40.6677,38.16,38.29,0.13451851851851848,32.10187499999999,31.178558
11/10/2025,34.86,62611,35.36,35.5877,34.63,34.86,-0.08957952468007313,32.098875,31.276758
12/10/2025,37.65,130305,36.32,37.9,36.13,37.65,0.08003442340791733,32.262375,31.436558
13/10/2025,39.4,127833,39.12,39.5599,38.91,39.4,0.04648074369189903,32.495875,31.759558000000002
14/10/2025,40.18,200217,38.86,40.67,38.1629,40.18,0.01979695431472095,32.782375,32.174958000000004
15/10/2025,40.28,115163,41.06,41.19,39.7,40.28,0.002488800398208202,33.050374999999995,32.517158
16/10/2025,38.84,229783,40.36,40.528,38.67,38.84,-0.03574975173783512,33.205375,32.694558
17/10/2025,38.03,234814,38.03,38.51,37.46,38.03,-0.020854788877445962,33.30374,32.852402
20/10/2025,38.81,147080,38.92,39.3215,38.66,38.81,0.02051012358664206,33.47174,32.932202000000004
21/10/2025,38.39,63996,38.67,39.03,38.25,38.39,-0.010821953104869886,33.65074,32.896001999999996
22/10/2025,37.01,261065,37.85,37.85,36.41,37.01,-0.035946861161760935,33.74774,32.915456
23/10/2025,37.84,86419,37.04,38.1099,37.04,37.84,0.022426371251013322,33.86224,33.053228000000004
24/10/2025,38.42,93333,38.45,38.54,38.06,38.42,0.015327695560253707,33.9995,33.208106
27/10/2025,38.65,114872,39.02,39.02,38.21,38.65,0.00598646538261316,34.7895,33.367506
28/10/2025,38.02,122714,38.66,38.66,37.77,38.02,-0.01630012936610592,35.3875,33.511314
29/10/2025,37.75,184104,38.08,38.21,37.4501,37.75,-0.007101525512888007,36.1495,33.67061
30/10/2025,37.24,141819,37.37,37.719,37.14,37.24,-0.013509933774834337,36.974000000000004,33.821276000000005
31/10/2025,37.69,92545,37.27,37.75,36.965,37.69,0.01208378088077322,37.562,33.978578
02/11/2025,25.22,78423,26.03,26.06,25.21,25.22,-0.33085699124436185,37.316,33.867392
03/11/2025,22.55,34803,22.33,22.7125,22.08,22.55,-0.10586835844567799,36.756,33.699128
04/11/2025,21.19,10439,20.87,21.19,20.5603,21.19,-0.060310421286031035,35.901,33.462928000000005
06/11/2025,26.0225,50757,25.94,26.19,25.84,26.0225,0.2280556866446437,35.459125,33.310252
07/11/2025,29.73,245943,29.99,30.0363,29.632,29.73,0.14247286002497828,35.063125,33.231476
08/11/2025,30.09,96750,30.21,30.3199,29.9993,30.09,0.012108980827447047,34.597625,33.155476
09/11/2025,34.3575,35642,33.78,34.55,33.78,34.3575,0.14182452642073784,34.3065,33.410426
11/11/2025,34.68,64446,35.09,35.09,34.5513,34.68,0.009386596812922976,34.026500000000006,33.644026
12/11/2025,39.33,161192,38.22,39.44,37.985,39.33,0.13408304498269885,34.051,33.907626
13/11/2025,33.4236,138360,34.45,34.62,33.24,33.4236,-0.15017543859649118,33.82068,33.977498
14/11/2025,33.4679,790259,32.81,34.0672,32.67,33.4679,0.0013254107875873,33.553575,33.95518
17/11/2025,32.4636,327145,33.34,33.54,32.165,32.4636,-0.030007858276139276,33.257255,33.798652
18/11/2025,32.68,308911,32.02,32.97,31.9001,32.68,0.006665927377123904,33.040755000000004,33.726052
19/11/2025,32.67,71348,32.74,33.405,32.485,32.67,-0.0003059975520195435,32.782255,33.681052
20/11/2025,31.4448,129350,33.55,33.6796,31.37,31.4448,-0.037502295684113895,32.433495,33.622348
21/11/2025,31.7431,169298,31.56,31.9467,30.89,31.7431,0.009486465170711833,32.08815,33.56261
24/11/2025,32.404,93568,31.79,32.404,31.595,32.404,0.020820272752188895,31.807349999999996,33.52169
25/11/2025,32.68,66732,32.39,32.7599,31.86,32.68,0.008517466979385047,31.55385,33.47689
26/11/2025,32.8154,51147,32.84,33.099,32.66,32.8154,0.004143206854344994,31.332620000000002,33.418397999999996
28/11/2025,33.3543,60299,33.19,33.44,33.04,33.3543,0.016422167640802954,31.115834999999997,33.36423
02/12/2025,24.96,65925,24.86,25.21,24.53,24.96,-0.2516706991302471,31.102835,33.15443
03/12/2025,22.57,16169,23.035,23.12,22.3,22.57,-0.09575320512820518,31.103835000000004,32.90963
05/12/2025,23.35,18948,23.96,23.97,23.26,23.35,0.03455914931324777,31.211834999999997,32.67523
06/12/2025,26.02,39421,26.11,26.11,25.85,26.02,0.11434689507494644,31.21171,32.48463
08/12/2025,30.5528,76218,30.49,30.7791,30.4389,30.5528,0.17420445810914686,31.252850000000002,32.38219
09/12/2025,34.3067,61827,34.44,34.44,34.08,34.3067,0.122865989369223,31.463684999999998,32.611323999999996
11/12/2025,34.4771,108346,34.67,35.19,34.44,34.4771,0.004966959806685045,31.469665000000003,32.779666
12/12/2025,38.527,202060,39.49,39.5,38.1,38.527,0.1174663762323398,31.662014999999997,33.100006
15/12/2025,37.38,156599,38.81,39.18,37.28,37.38,-0.02977132919770542,31.564515,33.432606
16/12/2025,36.8838,422751,37.01,37.3399,36.48,36.8838,-0.013274478330658201,31.737524999999998,33.651682
17/12/2025,35.48,172570,37.09,37.09,35.32,35.48,-0.038060069732511415,31.83813,33.758482
18/12/2025,36.26,113987,36.16,36.475,35.93,36.26,0.0219842164599775,32.027950000000004,33.808682000000005
19/12/2025,38.55,288136,36.75,38.64,36.675,38.55,0.06315499172642025,32.32145,33.81388200000001
22/12/2025,40.52,571933,39.65,40.599,39.165,40.52,0.05110246433203658,32.71395,33.927082
23/12/2025,40.15,450168,39.92,40.48,39.68,40.15,-0.009131293188548995,33.14921,33.977082
24/12/2025,40.07,232255,40.375,40.6784,39.75,40.07,-0.0019925280199252215,33.565555,33.990482
26/12/2025,38.91,422488,40.0,40.0,38.84,38.91,-0.02894933865734972,33.890855,33.965081999999995
29/12/2025,38.87,378875,38.4,39.23,38.28,38.87,-0.0010280133641736855,34.200354999999995,33.936882
30/12/2025,38.97,242782,39.14,39.43,38.77,38.97,0.0025726781579624713,34.508085,33.939482000000005
31/12/2025,38.65,179309,39.06,39.06,38.595,38.65,-0.008211444701052062,34.77287,33.951882
04/01/2026,46.26,637588,45.55,47.15,45.55,46.26,0.19689521345407512,35.837869999999995,34.100882
05/01/2026,51.36,565821,52.0,52.17,50.89,51.36,0.1102464332036317,37.277370000000005,34.360282000000005
06/01/2026,61.08,3349099,63.16,63.505,60.29,61.08,0.18925233644859807,39.16387,34.841682
07/01/2026,50.18,1857713,50.7,51.66,50.145,50.18,-0.1784544859201047,40.37187,35.088482
13/01/2026,44.51,470570,45.84,45.86,44.42,44.51,-0.11299322439218817,41.06973,35.210282
14/01/2026,45.76,337908,44.25,45.76,44.0,45.76,0.028083576724331705,41.642395,35.352482
15/01/2026,45.99,529122,46.0,46.59,45.2948,45.99,0.00502622377622397,42.218039999999995,35.511882
16/01/2026,47.36,670722,46.67,47.8199,46.31,47.36,0.029789084583605074,42.65969,35.704082
20/01/2026,46.24,746764,46.56,47.59,46.01,46.24,-0.023648648648648574,43.10269,35.884082
21/01/2026,45.74,749303,46.74,46.98,44.28,45.74,-0.010813148788927363,43.5455,36.045082
22/01/2026,46.85,829287,46.25,47.1,45.46,46.85,0.02426759947529522,44.114,36.477682
23/01/2026,46.95,737880,47.01,47.7194,46.18,46.95,0.002134471718249653,44.6485,36.965681999999994
26/01/2026,45.28,544438,46.92,46.92,45.13,45.28,-0.03556975505857296,44.985,37.447482
27/01/2026,47.27,707621,45.68,47.42,45.475,47.27,0.04394876325088348,45.322500000000005,37.872432
28/01/2026,48.15,800057,47.75,48.57,47.18,48.15,0.01861645864184469,45.722500000000004,38.240832
29/01/2026,47.12,760768,48.59,48.6599,46.49,47.12,-0.021391484942886785,46.075,38.581432
30/01/2026,45.44,836038,46.73,47.73,45.0,45.44,-0.035653650254668934,46.4015,38.803081999999996
01/02/2026,40.32,357247,39.19,40.32,38.52,40.32,-0.11267605633802813,46.474000000000004,38.915882
02/02/2026,44.52,763370,45.12,45.5,44.25,44.52,0.10416666666666674,46.7515,39.019682
03/02/2026,46.18,875059,44.19,46.2499,44.19,46.18,0.03728661275831069,47.128,39.27481
04/02/2026,49.17,959283,45.15,49.3099,45.11,49.17,0.06474664356864457,47.2735,39.588851999999996
06/02/2026,61.22,1273468,60.932,62.2,60.64,61.22,0.24506813097417113,47.7665,40.16398
07/02/2026,50.67,792432,50.59,52.0694,50.08,50.67,-0.17232930414897085,47.245999999999995,40.52378
13/02/2026,43.54,374011,42.88,44.04,42.57,43.54,-0.14071442668245515,46.914,40.74118
17/02/2026,43.72,323024,43.05,44.18,42.72,43.72,0.00413412953605885,46.8745,40.986684
18/02/2026,44.805,644439,44.35,45.26,43.99,44.805,0.024817017383348627,46.826750000000004,41.247921999999996
19/02/2026,45.25,222148,44.27,45.25,43.951,45.25,0.009931927240263372,46.789750000000005,41.504842
20/02/2026,44.65,224264,45.015,45.6799,44.33,44.65,-0.013259668508287303,46.654250000000005,41.74424200000001
23/02/2026,44.14,348426,44.11,44.59,43.815,44.14,-0.01142217245240762,46.54925,41.970734
24/02/2026,44.84,223469,43.84,44.8916,43.41,44.84,0.015858631626642472,46.50425,42.20044800000001
25/02/2026,44.39,203662,45.0,45.17,44.18,44.39,-0.010035682426405068,46.38125,42.589048000000005
26/02/2026,44.96,250919,44.36,45.0399,44.07,44.96,0.012840729894120217,46.28175,43.036848
27/02/2026,44.47,367864,44.03,44.51,43.58,44.47,-0.010898576512455516,46.241249999999994,43.459247999999995
02/03/2026,45.61,515513,45.31,45.6499,44.2,45.61,0.025635259725657722,46.158249999999995,43.851048
03/03/2026,45.39,389616,44.89,46.06,44.07,45.39,-0.0048235036176277335,46.02025,44.147792
06/03/2026,57.74,1764881,60.285,60.48,57.64,57.74,0.2720863626349417,46.551249999999996,44.616458
13/03/2026,44.64,251798,45.06,45.81,44.38,44.64,-0.22687911326636645,46.511250000000004,44.819716
16/03/2026,45.69,258070,45.25,45.96,44.71,45.69,0.02352150537634401,46.77975,44.962976
17/03/2026,46.78,795876,45.53,46.8,45.48,46.78,0.023856423725103992,46.89275,45.150976
18/03/2026,45.5,573313,46.48,46.6,45.37,45.5,-0.027362120564343728,46.85875,45.323299999999996
19/03/2026,46.11,383539,44.62,46.475,44.22,46.11,0.013406593406593448,46.70575,45.5359
20/03/2026,45.36,783135,46.89,47.9003,44.78,45.36,-0.01626545217957054,45.91275,45.7179
23/03/2026,46.6,470378,45.88,46.945,45.49,46.6,0.02733686067019403,45.709250000000004,45.8789
24/03/2026,45.7,400590,46.04,46.76,45.3,45.7,-0.01931330472102999,45.81725,45.9825
25/03/2026,47.92,1137497,46.7,48.9199,46.62,47.92,0.04857768052516409,46.02725,46.1379
26/03/2026,45.81,788734,47.31,47.4595,45.73,45.81,-0.04403171953255425,46.0775,46.2527
27/03/2026,44.16,528613,45.715,45.7175,44.0201,44.16,-0.036018336607727686,46.022999999999996,46.3577
30/03/2026,42.5,719591,44.58,44.6,42.13,42.5,-0.0375905797101449,45.915499999999994,46.43030000000001
31/03/2026,44.81,470816,43.43,45.04,43.21,44.81,0.054352941176470715,45.949,46.5471
02/04/2026,43.48,1136678,45.86,45.88,42.61,43.48,-0.02968087480473125,45.881,46.643699999999995
03/04/2026,46.44,591213,45.79,46.59,45.17,46.44,0.06807727690892373,45.9835,46.6473
05/04/2026,51.31,795089,51.335,51.9,50.68,51.31,0.10486649440137819,46.301,46.646300000000004
06/04/2026,59.34,1615246,57.435,59.99,56.645,59.34,0.15649970765932575,47.0445,46.6115
13/04/2026,51.49,902702,50.25,51.8899,50.05,51.49,-0.13228850690933602,47.338499999999996,46.6377
14/04/2026,51.67,882987,52.67,52.95,51.05,51.67,0.003495824431928529,47.6525,46.7809
15/04/2026,52.2,1373127,51.89,52.3,51.2,52.2,0.010257402748209854,47.3755,46.9097
16/04/2026,54.7,1445693,52.74,54.81,52.65,54.7,0.04789272030651337,47.8785,47.0839
17/04/2026,54.69,1181751,55.42,55.905,54.5007,54.69,-0.00018281535649000702,48.3285,47.23049999999999
20/04/2026,54.56,624664,54.33,55.215,54.04,54.56,-0.0023770341927225047,48.7175,47.3969
21/04/2026,53.6,1103769,54.95,55.36,53.34,53.6,-0.017595307917888547,49.1225,47.5541
22/04/2026,54.31,952711,54.81,55.62,53.68,54.31,0.01324626865671652,49.5325,47.7033
23/04/2026,52.9,1578475,53.89,53.92,51.71,52.9,-0.025962069600442006,49.9095,47.822300000000006
24/04/2026,51.03,1106102,53.2,53.2,50.91,51.03,-0.035349716446124724,50.131,47.93729999999999
27/04/2026,50.64,1053767,51.156,51.156,49.83,50.64,-0.007642563198118735,50.378,48.0047
28/04/2026,50.01,712295,50.44,50.64,49.68,50.01,-0.01244075829383895,50.4825,48.0419
29/04/2026,49.61,626072,49.89,49.9684,48.86,49.61,-0.007998400319936039,50.6725,48.0917
30/04/2026,51.65,945700,50.07,51.785,50.05,51.65,0.04112074178593028,51.047000000000004,48.215900000000005
01/05/2026,41.52,601256,40.6,41.6599,40.35,41.52,-0.19612778315585666,50.998000000000005,48.239900000000006
02/05/2026,42.11,535305,42.9,43.7045,41.86,42.11,0.014210019267822727,50.863,48.1917
03/05/2026,44.9,633798,46.2,46.32,44.12,44.9,0.0662550463072904,50.934,48.1661
05/05/2026,50.76,605006,52.31,52.31,50.34,50.76,0.13051224944320716,51.15,48.1979
06/05/2026,54.71,1868091,58.02,58.18,54.05,54.71,0.0778171788810087,51.32000000000001,48.0677
13/05/2026,56.36,776712,56.07,56.68,55.06,56.36,0.030159020288795357,51.17100000000001,48.1815
14/05/2026,57.97,1595232,56.435,58.33,55.83,57.97,0.028566359119943208,51.495000000000005,48.4701
15/05/2026,56.25,985705,56.41,57.12,55.7,56.25,-0.02967051923408659,51.724000000000004,48.72070000000001
18/05/2026,57.59,1987141,57.735,58.96,56.25,57.59,0.02382222222222219,51.993500000000004,48.97639999999999
19/05/2026,57.07,1000894,56.97,57.46,55.02,57.07,-0.009029345372460584,52.112,49.212799999999994
20/05/2026,58.92,1186782,57.59,59.0988,56.75,58.92,0.032416330821797734,52.3235,49.4982
21/05/2026,58.96,1165970,58.49,59.55,57.87,58.96,0.0006788866259335169,52.543499999999995,49.7946
22/05/2026,61.9,2060789,60.055,62.11,60.04,61.9,0.04986431478968778,52.9585,50.135799999999996
26/05/2026,65.44,2902027,65.43,66.99,64.405,65.44,0.05718901453957992,53.515,50.5568
27/05/2026,66.65,3030745,66.73,67.2384,64.5,66.65,0.018490220048899886,54.2025,50.99059999999999
28/05/2026,67.805,1604198,66.385,68.2121,65.54,67.805,0.017329332333083203,55.041250000000005,51.457300000000004
29/05/2026,65.31,4066217,65.06,65.35,62.25,65.31,-0.03679669640881944,55.774750000000004,51.8513
01/06/2026,42.87,414207,41.71,42.91,41.31,42.87,-0.34359209921910894,55.41775,51.8009
02/06/2026,43.97,388656,43.05,44.11,42.61,43.97,0.02565896897597386,55.135749999999994,51.5255
03/06/2026,44.51,464552,44.05,45.86,43.88,44.51,0.012281100750511698,54.77875,51.5229
04/06/2026,49.43,954129,49.435,49.945,49.01,49.43,0.11053695798696928,55.174249999999994,51.597699999999996
05/06/2026,52.7,1602488,51.415,52.78,51.15,52.7,0.06615415739429498,55.70375,51.716100000000004
07/06/2026,50.31,418872,51.28,51.57,50.11,50.31,-0.04535104364326381,55.97425,51.81230000000001
15/06/2026,52.59,2130473,54.1,54.2,52.06,52.59,0.045319022063208036,56.06575,51.941900000000004
16/06/2026,51.28,2197943,51.99,52.5,50.52,51.28,-0.024909678646130473,55.89425,52.0603
17/06/2026,51.06,1094064,51.41,52.2,50.91,51.06,-0.00429017160686429,55.62925,52.149499999999996
18/06/2026,50.27,1795707,51.3,51.356,49.13,50.27,-0.015471993732863232,55.24425,52.2409
22/06/2026,48.72,1663037,49.45,49.75,48.135,48.72,-0.030833499104834017,54.86775,52.2569
23/06/2026,48.13,1143047,47.445,48.79,47.4,48.13,-0.012110016420361136,54.39475,52.30330000000001
24/06/2026,46.48,682776,47.8,47.9,46.4101,46.48,-0.03428215250363609,53.86525,52.349700000000006
25/06/2026,45.56,1241034,46.739,46.739,45.25,45.56,-0.019793459552495563,53.19725000000001,52.4109
26/06/2026,46.19,904423,45.135,46.755,45.06,46.19,0.013827919227392238,52.558749999999996,52.438500000000005
29/06/2026,49.19,879864,47.655,49.25,47.655,49.19,0.06494912318683688,51.92325000000001,52.552699999999994
30/06/2026,50.67,766549,49.12,50.735,49.075,50.67,0.03008741614149235,51.184749999999994,52.637299999999996
01/07/2026,41.98,530256,42.7,43.02,41.875,41.98,-0.17150187487665292,49.95125,52.4507
04/07/2026,49.41,617119,48.95,49.4899,47.88,49.41,0.17698904240114333,49.03150000000001,52.25210000000001
05/07/2026,51.04,634388,52.62,52.74,50.78,51.04,0.032989273426431875,48.318,52.243100000000005
07/07/2026,48.49,801055,50.03,50.17,48.4,48.49,-0.04996081504702188,48.599000000000004,52.1795
01/08/2026,43.02,530577,43.01,43.9299,42.6,43.02,-0.1128067642812951,48.5515,51.9959
04/08/2026,50.98,846845,51.93,52.0,50.33,50.98,0.1850302185030217,48.875,51.921499999999995
05/08/2026,54.5,1527283,52.25,54.56,51.99,54.5,0.06904668497449995,49.1285,51.9177
06/08/2026,54.85,1487417,56.135,56.265,54.36,54.85,0.006422018348623881,49.236000000000004,51.9235
07/08/2026,47.67,543819,47.985,48.72,47.37,47.67,-0.13090246125797633,49.104,51.804899999999996
01/09/2026,43.88,588082,43.2,44.24,42.71,43.88,-0.07950492972519407,48.6685,51.5963
02/09/2026,45.53,521383,44.32,45.74,44.255,45.53,0.037602552415679114,48.381,51.448899999999995
03/09/2026,45.23,452761,44.08,45.42,43.54,45.23,-0.006589062156819758,48.0895,51.3329
04/09/2026,50.165,609471,50.51,51.19,50.09,50.165,0.10910899845235478,48.08425,51.32339999999999
06/09/2026,53.11,2115067,55.73,55.98,51.01,53.11,0.05870626931127276,48.303749999999994,51.3854
07/09/2026,47.4,363386,48.02,48.02,47.045,47.4,-0.1075127094709094,48.267250000000004,51.3412
02/10/2026,44.54,475392,45.2,45.4,44.3501,44.54,-0.060337552742615985,48.170249999999996,51.199
03/10/2026,45.36,223054,45.41,46.04,45.01,45.36,0.018410417602155338,48.160250000000005,51.2758
04/10/2026,50.67,809516,50.21,51.14,49.86,50.67,0.11706349206349209,48.384249999999994,51.44700000000001
06/10/2026,52.25,1070492,52.81,53.7799,52.065,52.25,0.031182159068482207,48.53725,51.59400000000001
07/10/2026,46.93,391871,47.3,47.38,46.555,46.93,-0.10181818181818181,48.35025,51.517399999999995
02/11/2026,43.52,492821,45.12,45.12,42.89,43.52,-0.07266141061154907,48.42725,51.2936
03/11/2026,45.41,276749,45.01,46.14,44.9,45.41,0.043428308823529216,48.22725,51.074600000000004
05/11/2026,56.3,1936492,54.8,57.1145,54.56,56.3,0.2398150187183441,48.490249999999996,51.041199999999996
06/11/2026,56.9,2600069,53.09,56.989,52.935,56.9,0.010657193605683846,48.91074999999999,51.0542
01/12/2026,45.08,524046,44.32,45.08,43.93,45.08,-0.20773286467486818,49.01375,50.804
02/12/2026,42.64,1033965,43.54,43.5499,41.94,42.64,-0.054125998225377114,48.59675,50.5154
03/12/2026,44.75,339644,45.29,45.5,44.34,44.75,0.049484052532833056,48.109249999999996,50.232
05/12/2026,55.59,988272,55.42,56.28,54.1001,55.59,0.24223463687150848,48.146249999999995,50.1646
06/12/2026,52.92,3399845,57.14,57.15,52.42,52.92,-0.048030221262817085,48.40875,49.985
